Subject,Release,Acquisition,Gender,Age,PicVocab_AgeAdj,ProcSpeed_AgeAdj,AngAffect_Unadj,AngHostil_Unadj,AngAggr_Unadj,FearAffect_Unadj,FearSomat_Unadj,Sadness_Unadj,LifeSatisf_Unadj,MeanPurp_Unadj,PosAffect_Unadj,Friendship_Unadj,Loneliness_Unadj
100004,S900,Q06,M,22-25,104.9375,69.88,49.3,62.2,52.2,51.2,57.3,53.7,43.1,40.1,36.2,27.6,73
100206,S900,Q11,M,26-30,117.0361,131.89,54.8,61.7,43.4,63.3,61.2,55,45.6,50,48.4,45.7,63.8
100307,Q1,Q01,F,26-30,96.81,112.36,46.9,60.8,43.4,53.9,47.2,53.4,48,42.4,46.2,62,53.7
100408,Q3,Q03,M,31-35,132.63,96,50.6,42.8,59.9,55.1,54.7,49.9,57.7,51.9,48.4,52.9,51.9
100610,S900,Q08,M,26-30,146.5971,96.12,47.5,49.1,43.4,49.6,55.3,44.2,60.1,46.8,55.1,44.9,53.5
101006,S500,Q06,F,31-35,69.45302,71.99,59,49,49.8,49.3,40.1,48.7,46.5,48.1,42,57.1,50.3
101107,S500,Q06,M,22-25,116.9699,97.87,51.9,52.3,77.2,48.4,61.4,48.1,47,61.3,59.2,66.5,52
101309,S500,Q06,M,26-30,121.3679,87.33,38.3,36.6,54.3,43.3,40.1,38.5,48.5,71.6,52.8,53.3,46.4
101410,S500,Q06,M,26-30,99.97051,91.83,44.2,55.9,63.4,51.2,52.2,42.7,57.1,50,50.2,66.5,53.7
101612,S900,Q11,F,26-30,86.64886,120.69,51.3,52.9,49.8,51.2,60,45.6,64.5,55.9,48.1,52.3,44.9
101915,Q3,Q04,F,31-35,113.17,90.69,43.9,40.5,60.8,49,53,42.7,70.6,71.6,62.4,49.8,47.7
102008,S500,Q06,M,22-25,123.7913,130.65,50.2,40.9,57.8,52.9,66,44.7,62.8,68.1,63.6,55.2,53.7
102311,S500,Q06,F,26-30,112.16,68.81,39.1,48.9,43.4,44.9,44.8,51,52.6,51.6,41.7,40.3,58.1
102513,S900,Q10,M,26-30,112.5362,46.07,51.8,36.6,57,49.3,54.3,49.9,47.9,41.2,50.2,49.8,49.6
102816,Q3,Q03,F,26-30,75.35,93.01,55.9,36.6,43.4,51.4,51.8,46.1,48.2,58.2,52.7,51.8,50.2
103111,S500,Q06,M,26-30,114.8949,81.57,50.1,36.6,49.8,49.6,44.8,45.8,55,62.9,50.2,46.9,37.6
103414,Q2,Q02,F,22-25,99.8,94.9,44.2,47.7,43.4,49,50.5,41.7,57.1,53.6,50.2,61.3,37.6
103515,Q1,Q02,F,26-30,87.36,82.95,67.9,70.9,74.2,51.2,60.6,52.9,24.2,31.8,25.4,34.5,65.7
103818,Q1,Q01,F,31-35,128.16,95.98,49.8,46,43.4,52.9,46.3,49.9,43,32.7,44.4,36.6,62.1
104012,MEG2,Q07,F,26-30,97.16158,92.66,43.8,47.1,49.8,50.7,44.8,45,59.7,55.8,48.4,53.6,47.4
104113,S900,Q9,M,26-30,91.42853,96.12,47.5,51.5,62,51.2,40.1,55,45.5,42.4,50.2,49.8,49.6
104416,S900,Q9,F,31-35,118.1042,133.66,48.4,38,43.4,51.2,44.8,43.9,62.8,61.2,63.2,66.5,37.6
104820,S500,Q06,F,36+,76.44249,111.48,57.1,36.6,49.8,44.5,40.1,46.1,43,49.1,50.1,66.5,37.6
105014,S500,Q05,F,26-30,110.52,67.35,42.8,45.4,43.4,51.4,40.1,41.9,65.8,63.2,52.7,45.6,50.4
105115,Q2,Q02,M,31-35,113.4,91.59,51.8,52.3,57.5,51.2,55.9,55,55,40.4,46.5,39.5,56.2
105216,Q3,Q03,M,26-30,126.51,116.84,54.3,48.4,50.8,58,56.8,55.2,51.1,33.6,40.3,37.7,67.3
105620,S900,Q08,F,31-35,111.403,117.3,46.2,60.8,52.5,44.3,44.8,41.7,57.1,43.9,50.2,46,63.8
105923,MEG2,Q07,F,31-35,103.9747,53.53,41.9,49.3,57.9,49.6,51,39.1,54.4,48.1,52.4,50.6,52
106016,Q3,Q04,F,31-35,104.75,110.4,46,51.4,56,49.6,40.1,48.1,57.7,51.9,50.2,43.9,54.9
106218,S900,Q9,M,26-30,79.46663,88.33,28.6,36.6,43.4,32.9,59.2,34.2,60.1,66.5,58.6,57.8,37.6
106319,Q3,Q03,M,26-30,126.74,72.39,57,48,43.4,61.5,55.9,63.4,43,33.6,41.7,43,62.6
106521,S500,Q06,F,26-30,124.2095,137.14,32,58.6,56.5,47.2,50.4,45.7,45.4,43.6,45,59,52.1
107018,S900,Q9,F,26-30,119.3654,103.13,48,40.9,43.4,46.7,51.5,41.7,60.1,50,54.2,53.4,49.6
107119,S900,Q07,M,36+,114.0253,78.35,57.3,58.9,57.4,59.7,60.7,55,47.2,59.5,52.1,30,65.2
107220,S900,Q11,F,26-30,120.5509,85.5,53.9,40.9,43.4,57.6,64,51.3,49.6,57.9,42,54.6,47.4
107321,S500,Q04,F,22-25,130.2,119.6,47.7,46.2,60,49.6,57.4,43.6,46.8,36.7,42,56.4,59.3
107422,S500,Q07,M,22-25,134.2571,119.78,45.1,46.3,43.4,51.2,44.8,39.6,55,46,50.2,48.7,53.7
107523,S900,Q11,M,22-25,83.08688,59.9,67.9,59.5,83.1,44.7,44.8,43.1,36.4,41.1,37.1,57.8,59.9
107725,S900,Q08,F,31-35,76.41906,95.29,54.1,50.4,43.4,60.6,54.8,54.3,42,51.9,45.9,55.1,44.9
108121,S500,Q04,F,26-30,113.17,101.64,49,52.1,43.4,51.2,56.2,49.9,57.1,50,50.2,49.8,53.7
108222,S900,Q07,M,31-35,122.2386,105.92,48.2,47.6,57,53.9,46.5,46.1,57.1,39.9,50.2,43.2,52
108323,S500,Q04,F,26-30,105.76,108.45,47.1,59.5,56.5,46,46.4,45.6,62.8,57.8,49.6,51.9,51.8
108525,S500,Q05,M,22-25,95.11,63.49,46.1,36.6,61.2,45.3,52.1,48.1,47.2,50,50.2,66.5,37.6
108828,S500,Q05,M,31-35,109.34,105.62,64.7,73.6,63.1,70.4,63.3,65.8,36.7,46.2,29.8,38.8,73.7
109123,S500,Q06,M,31-35,126.0032,131.33,51.1,61.8,67.8,49,53,48.5,43.3,34.8,44.4,41.5,73
109325,S500,Q07,M,31-35,97.06145,133.66,36,42.8,49.8,40.4,63.4,34.2,57.1,50,50.2,49.8,53.7
109830,S900,Q08,F,31-35,121.8716,72.46,42.4,49.8,43.4,52.9,44.8,46.7,55,53.9,42,54.3,53.7
110007,S900,Q11,F,31-35,101.9936,93.58,40.4,40.9,43.4,32.9,40.1,34.2,74.6,55.7,52.7,66.5,44.9
110411,Q2,Q02,M,31-35,120.91,119.17,44.2,45,43.4,49,46.4,34.2,57.1,45.3,52.7,58.2,44.9
110613,S900,Q11,M,26-30,118.8021,66.72,33.6,40.5,43.4,42.6,51.4,34.2,59.7,50,56.4,66.5,44.9
111009,S900,Q03,F,26-30,153.0889,63.58,57.3,51.7,43.4,55.7,46.3,49.9,65.8,60.4,50.2,44.1,61
111312,Q1,Q01,F,31-35,90.92,113.41,32,42.8,51.2,52.9,46.3,34.2,55,43.9,50.2,45.4,54.7
111413,S500,Q04,F,26-30,101.2,101.57,56.8,61.2,43.4,57.7,58,60.5,41.2,50,48.1,62,62.1
111514,MEG2,Q02,M,31-35,147.5815,116.89,44.2,55.5,60.6,41.2,54.4,34.2,49.8,46,38.4,49.8,51.6
111716,Q3,Q04,F,31-35,116.05,90.75,66.9,54.8,51.2,46.6,75.5,44.9,57.1,64.3,55.3,60.5,44.9
112112,S900,Q11,M,26-30,121.0448,99.57,28.6,51.7,43.4,46,44.8,34.2,62.8,60,62.4,62,52
112314,S900,Q11,F,26-30,113.2405,100.43,49.8,63,43.4,58,51,49.9,50.9,55.6,52.7,44,52.1
112516,S900,Q08,F,31-35,108.9958,102.2,52.2,45.1,43.4,56,46.3,43.4,71.9,65.5,50.2,53.2,44.9
112819,Q3,Q03,F,26-30,126.47,69.72,46,50,59.3,49.3,54.7,39.4,68.2,57.7,54.2,53.8,47.7
112920,S900,Q10,M,31-35,116.6878,91.83,47.5,54.2,49.8,41.5,40.1,51.3,65.6,59.5,55.1,53.3,52
113215,Q3,Q03,F,26-30,117.54,120.15,63.9,59.4,59.6,58.3,59.6,53.5,52,43.5,44.1,48.7,47.4
113619,Q2,Q02,F,31-35,124.75,103.5,52.1,36.6,43.4,54.2,46.4,48.2,67.8,61.1,46,66.5,47.7
113821,S500,Q05,F,26-30,111.04,68.08,39.5,50.9,43.4,40.2,46.5,47.2,49.3,45.8,47.2,46.6,62.1
113922,S500,Q04,M,31-35,98.52,114,50.9,56.6,52.2,46,40.1,45.8,47.9,46.1,54.1,47.6,53.7
114217,S900,Q08,F,26-30,105.5423,120.69,35.6,36.6,43.4,32.9,40.1,34.2,66.9,63.7,50.2,61.4,37.6
114318,S900,Q06,F,22-25,101.9079,129.22,53.4,45.8,43.4,60.5,60,48.2,50.5,52.2,44.4,61.9,53.8
114419,S500,Q07,M,31-35,108.2175,117.3,55.1,54.8,52.2,49,54.8,34.2,55.2,44.9,50.2,48.9,47.4
114621,S900,Q9,M,26-30,107.9959,96.12,46.5,50,72,41.5,40.1,43.6,60.3,49.1,50.2,49.5,47.4
114823,S900,Q07,F,31-35,114.8731,134.92,47.1,45,52.2,50.2,56.8,45.7,44.4,43.9,45.9,40.7,60.1
114924,Q1,Q01,M,26-30,77.93,96.81,55.1,60.8,62,46,40.1,45.6,62.8,53.3,56,66.5,44.9
115017,S900,Q06,F,31-35,92.96307,80.03,41.4,44.8,43.4,51.2,61.4,38.9,74.6,53.6,50.2,47.7,37.6
115219,S900,Q9,M,31-35,133.761,113.48,45.7,60.3,53.2,58,50.4,52.7,59.6,48.5,58.5,53.6,55.2
115320,Q2,Q02,F,31-35,91.26,109.44,48.7,53,43.4,46,40.1,43.6,62.5,55.9,50.2,55.4,51.6
115825,S900,Q10,M,22-25,69.59044,66.72,45,51.4,53.7,46,50.9,51.2,45.5,42.4,57.2,58.8,50.1
116120,Q2,Q03,F,31-35,78.77,82.65,46.5,36.6,52.2,55.5,64,55.4,67.8,67.7,52.7,59,44.9
116221,S900,Q08,M,22-25,114.211,104.97,49.6,56.7,50.8,56.2,56.9,49.9,51.1,40.5,42.7,45.7,53.8
116322,S500,Q06,F,31-35,64.76702,61.38,58.1,63.5,51.2,62.9,63,70.9,35.3,50,25.4,39.7,66.4
116524,S500,Q05,M,26-30,74.63,99.37,76.8,58.8,69.3,54.4,61.4,54.1,43.3,57.2,56.7,45,64.2
116726,S900,Q08,M,26-30,108.4707,108.74,41.5,40.5,52.2,48.7,57.5,43.6,67.8,62.6,55.7,66.5,44.9
117122,Q1,Q01,F,26-30,109.06,112.06,47.5,47.7,56.8,35.9,40.1,42.3,57.1,40.7,41.6,45.3,44.9
117324,Q3,Q03,F,22-25,87.46,93.56,28.6,36.6,43.4,52.9,57.5,34.2,57.7,71.6,71.6,60.8,37.6
117930,S900,Q10,F,31-35,118.2387,91.83,43.8,50.7,52.2,41.5,49.8,38.5,62.8,50,50.2,58.9,47.4
118023,S900,Q07,F,26-30,109.1893,112.44,48.1,44.9,49.8,46.7,46.3,39,62.9,48.1,52.7,38.1,53.5
118124,S900,Q07,F,31-35,90.69142,84.87,28.6,48.8,43.4,43.3,40.1,34.2,42.6,51.9,50.6,20.8,52
118225,S900,Q08,M,26-30,123.3974,79.15,39.7,49.8,52.2,43.3,40.1,34.2,57.7,42.9,48.4,40.7,50.1
118528,S500,Q04,F,26-30,115.13,103.49,61.5,52.5,43.4,55.5,63.2,50.8,70,65.6,52.7,58.9,62.1
118730,Q2,Q03,M,22-25,108.4,92.42,54.3,54.8,65.8,51.2,56.5,46.1,57.1,44,52.7,52,50.7
118932,Q1,Q02,M,26-30,103.89,112.36,45.1,57.3,68.2,51.9,58.8,46.1,47.7,44.5,47.2,32.2,62.2
119126,S900,Q11,F,22-25,94.15465,125.28,54.3,58.9,56.6,61.6,49.8,53.3,52,51.9,44.4,47.7,49.6
119732,S900,Q10,F,31-35,113.442,73.5,53,46.5,43.4,58.3,62.4,48.1,62.5,53.6,48.4,43.5,62.1
119833,Q1,Q01,F,26-30,105.52,95.8,57.1,60.1,56,37.6,46.4,34.2,52.6,42.4,50.2,51.7,56.2
120111,Q3,Q03,F,26-30,115.7,103.61,31.6,48.9,43.4,41.8,44.8,43.3,54.4,47.8,50.2,66.5,43.1
120212,Q1,Q01,F,31-35,120.98,109.13,51.8,49.1,43.4,59.8,57.5,48.2,48.8,50,50.2,46.6,53.7
120515,S500,Q04,F,26-30,94.59,80.41,47.5,40.5,43.4,51.2,58.3,48.1,59.7,57.6,50.2,48.7,53.7
120717,S900,Q9,F,31-35,115.461,120.69,47.5,46,55.8,53.7,59.6,51.2,44.8,49.1,52.7,41.4,60.4
121315,S500,Q05,M,26-30,73.09,77.65,53.7,61,64,46.7,60.1,49.9,38.5,44.1,33.2,31,44.9
121416,S900,Q08,M,26-30,116.6002,61.27,40.6,36.6,69.4,49.3,44.8,45.8,41.3,48.7,42,43.9,59.1
121618,S500,Q05,M,31-35,130.62,105.38,56.9,56.9,59.1,57.6,60.1,51.7,38.3,40.8,43.8,42.5,60.2
121719,S500,Q06,F,31-35,92.40833,119.1,51.6,53.3,52.2,53.1,50.4,57.5,43.1,40.5,48.4,57.1,63.8
121820,S900,Q07,F,31-35,123.6712,128.38,52,52.9,49.8,53.7,53.7,43.3,53.1,48.1,44.4,46.9,53.7
121921,S900,Q07,M,31-35,114.8815,69.44,55.1,53.7,49.8,51.9,61.1,42.6,53.1,52.2,50.2,34.9,51
122317,Q3,Q04,M,31-35,97.61,81.98,50.9,53.5,55.8,51.4,50.5,45,62.8,46.5,50.2,55.9,53.7
122519,S900,Q07,F,31-35,117.5306,104.04,50.7,40.5,43.4,51.9,54.7,48.7,57.1,44.9,62.8,43.5,57.8
122620,S500,Q05,M,26-30,103.32,95.32,39.6,36.6,50.8,40,51.8,34.2,55,50,58.8,47.3,47.4
122822,S900,Q07,F,31-35,105.2995,113.48,50.3,53,43.4,54.4,44.8,53.3,71.4,62.7,57.1,51.8,55.2
123117,Q2,Q03,M,26-30,101.79,102.81,47.8,54.4,54.3,46.9,63.2,45.7,56.1,58.7,50.2,38.9,57.8
123420,S500,Q06,F,26-30,111.153,137.14,45.6,52.4,53.7,70.6,79.4,63.6,39.7,32.8,36.2,66.5,54.5
123521,S900,Q10,M,22-25,110.8122,125.28,61.1,43.4,43.4,65.7,54.4,52.5,55,51.7,42,39.7,50.7
123824,S900,Q11,M,22-25,68.6812,90.9,28.6,36.6,43.4,45.5,40.1,34.2,64.5,62.3,58.7,54.5,37.6
123925,S500,Q05,F,26-30,88.71,122.06,39.7,54.5,43.4,49.9,46.4,44.8,48.8,45.2,50.2,51.9,53.7
124220,S500,Q05,M,31-35,90.14,100.98,44.5,40.8,52.2,43.9,55.3,44.7,52.6,51.7,45.3,53.8,37.6
124321,S900,Q06,M,26-30,106.1612,75.77,61.5,66,56.8,59.7,60.1,54.8,34.2,38.7,38.4,47.4,65.7
124422,Q2,Q03,F,31-35,92.16,109.47,63.4,56.9,62,63.3,56.9,62.2,48.3,44.3,42,44.6,63.8
124624,S900,Q9,F,26-30,115.3188,123.33,44.2,40.8,59.1,32.9,51.7,39.6,67.7,71.6,50.2,45.6,46.3
124826,S500,Q06,F,31-35,123.8281,120.69,47.5,36.6,49.8,51.2,44.8,55,64.5,60.6,50.2,44.3,53.7
125525,Q1,Q01,F,31-35,87.24,86.78,53.1,46.8,43.4,46.3,51.3,45.9,40.1,59.8,41.7,47.8,54.1
126325,Q3,Q03,F,26-30,109.88,93.92,28.6,45,43.4,36.5,56.9,34.2,57.1,50,52.7,46.6,44.9
126628,S500,Q04,M,31-35,89.87,81.75,47.8,45.5,43.4,48.8,60.1,42.4,74.6,71.6,61.2,50.3,37.6
126931,Q3,Q04,F,31-35,98.52,109.17,47.1,56.3,43.4,48.5,40.1,46.3,60.1,63.7,48.1,47.2,53.8
127327,S900,Q08,M,22-25,115.1126,129.22,51.3,53,58.8,54.4,57.9,49.9,49.7,55.9,50.2,52.4,53.7
127630,S500,Q06,F,22-25,107.2655,144.16,50.6,49.6,55.8,58.3,50.5,45.6,55,50,50.2,56.4,49.6
127933,Q3,Q03,M,31-35,107.26,114.24,59,36.6,58.2,54.4,51,48.2,55,40.9,48.4,58.9,43.4
128026,S900,Q10,F,26-30,104.1817,96.97,43.1,47.2,55,52.9,57.3,46.1,64.5,71.6,52.1,49.7,47.6
128127,S500,Q05,F,26-30,113.75,114.01,50.8,51.5,43.4,46.7,52.9,46.1,57.1,53.6,48.4,50.7,48.6
128329,S500,Q06,F,31-35,116.134,98.75,45.8,59.9,53.2,54.1,59.6,45.7,57.1,53.9,52.7,40.2,43.6
128632,Q1,Q02,F,31-35,103.13,98.3,38.7,48,43.4,42.7,40.1,34.2,48,46.8,48.4,47.7,37.6
128935,S900,Q9,M,31-35,128.957,95.29,45.6,51.5,43.4,49.3,54.7,45.6,57.1,59.8,52.1,46.3,52
129028,Q2,Q03,M,26-30,114.71,96.15,46.8,47.2,62.4,42.5,58.5,41.8,64.5,50.3,46.5,62,44.9
129129,S900,Q07,F,31-35,100.2839,113.48,59,59.6,43.4,59.8,64.6,53.3,38.3,44.7,40.3,50.4,59.7
129331,S900,Q9,F,26-30,133.8811,117.3,50.3,47.1,55,53.6,54.4,49.9,57.1,50,57.1,41.8,55.3
129432,Q3,Q04,M,22-25,116.69,104.72,54.1,52,54.2,55.2,44.8,57.2,47.8,38.7,47.7,38.1,53.8
129533,Q3,Q04,F,31-35,99.43,106.57,49.8,49.2,53.1,48.5,60.1,45.6,55,57.6,50.2,46.3,49.2
129634,S900,Q11,M,22-25,103.6362,83.82,46.8,45.8,51.6,46,65.8,34.2,64.5,54.7,58.7,52.8,49.6
129937,S900,Q11,F,26-30,96.88277,67.13,40.2,45.2,43.4,51.7,51.5,42,55,50,48.4,50,37.6
130013,Q1,Q01,M,26-30,114.82,110.92,47.5,53.5,62,50.7,44.8,38.5,55.6,55.9,57.1,66.5,37.6
130316,Q3,Q03,F,26-30,132.32,116.24,51.4,58.1,52.2,53.3,46.5,43.6,55.2,46.5,42.9,41,55.2
130417,S900,Q07,M,26-30,124.2263,75.77,44.8,53.8,43.4,51.2,52.2,48.1,55,47.9,54.1,53.8,52.6
130619,S900,Q10,F,26-30,128.1598,144.06,48.4,50.5,43.4,55.5,61.5,48.2,54.4,45.8,48.1,29.1,61.9
130821,S900,Q10,F,22-25,76.06436,108.74,45.9,46.4,53.1,50.4,40.1,51,48,48.3,48.8,53.4,37.6
130922,Q3,Q03,F,31-35,129,114.29,48.6,48.9,43.4,53.7,55.9,48.2,60.3,54.3,50.1,60.9,52.1
131217,S500,Q06,F,26-30,104.7501,113.48,49.8,48,43.4,55.8,44.8,49.9,55,51.7,44.4,49.8,57.8
131419,S900,Q9,F,26-30,117.1475,90.9,42.7,43.6,43.4,52.9,54.8,45.6,51.8,51.6,50.2,52.4,52
131621,Q1,Q02,F,26-30,118.4,91.51,55.6,58.7,59,53.7,53,58.8,42.1,38.7,51,37.6,61
131722,S500,Q06,F,26-30,122.6961,124.42,62.7,60.1,56.8,71.4,73.1,62.4,43.8,44.9,35,36.5,71.7
131823,S900,Q11,M,26-30,131.6936,131.89,50.9,53.9,43.4,56.5,55.3,49.9,62.5,42.1,42,47.1,54.2
131924,Q3,Q03,M,22-25,119.69,104.88,28.6,41.4,52.2,43.6,60.5,42.3,52.6,71.6,60.1,44.6,51.2
132017,S900,Q08,F,22-25,127.5357,118.18,44.6,59.2,63.6,37.2,40.1,51.2,49.2,59.7,48.4,47.1,58.1
132118,S500,Q04,F,26-30,121.88,75.67,48.2,53,43.4,55.8,57.5,49.9,54.4,50,52.7,49.8,53.7
132320,S900,Q05,F,26-30,75.84,93.5,59,72.7,62.3,66,64.4,56.1,47.2,43.3,54.2,48.9,47.6
133019,S500,Q06,F,26-30,104.6,97.99,43,36.6,43.4,43.1,44.8,45.8,57.9,48.5,50.1,54.9,49.6
133221,S900,Q07,M,26-30,125.0532,97.87,54.3,53,51.2,51.2,47.1,55,60.1,52.2,51.8,58.9,53.7
133625,Q3,Q03,M,26-30,104.9,88.95,42.8,53.6,61,49,57.4,44.8,60.1,53.9,42.1,55,49.6
133726,S900,Q11,F,31-35,109.4498,96.97,36.3,54.9,52,32.9,40.1,41.9,57.3,60.1,50.2,54.7,37.6
133827,Q2,Q02,M,22-25,107.73,92.67,42.6,36.6,52.4,45.9,40.1,43,48.6,49.7,50.2,56.8,37.6
133928,Q2,Q03,M,26-30,92.31,98.46,44.8,51.5,58,44.3,46.4,49.9,45.9,60.1,40.3,42.4,56.2
134021,S900,Q10,F,31-35,88.73827,80.03,31.6,36.6,43.4,49,57.3,39.6,69.1,57.7,55.7,55.6,37.6
134223,S900,Q11,F,26-30,111.6,119.1,52.8,50.8,43.4,51.2,58.3,48.1,74.6,60.8,50.2,43.3,47.4
134324,Q2,Q03,M,26-30,91.42,79.41,43,36.6,76.2,46,61.7,41,64.5,48.4,65.2,66.5,47.4
134425,S900,Q07,F,26-30,117.594,112.44,37.2,42.3,43.4,39.4,44.8,34.2,55,55.9,58.7,55.7,52.6
134728,S900,Q08,M,26-30,100.6612,100.43,42.4,45.2,55,32.9,40.1,41.2,55,55.8,44.4,50.4,47.4
134829,S900,Q11,F,31-35,87.02403,109.72,65.5,61.7,68.6,55.1,47,56.2,66.7,60.9,54.1,42.5,44.9
135225,S500,Q06,F,22-25,105.87,109.18,56.9,50.6,52.5,58,56.9,49.4,57.1,60.5,52.4,66.5,47.4
135427,S900,Q07,M,22-25,101.7737,68.79,52,56.4,60.3,51.2,47.2,60.5,38.8,49.5,46.2,50.1,64.9
135528,S500,Q05,F,26-30,94.03,90.71,44.2,45,43.4,54.9,40.1,46.1,65.8,57.6,50.2,66.5,37.6
135730,S900,Q9,M,22-25,108.0206,123.33,44.9,56.7,63.4,58,61,49.8,35.6,43.2,48.4,47.4,54.9
135932,Q2,Q02,F,26-30,102.55,123.87,47.5,57.4,43.4,49,49.8,46.1,71.9,58,52.7,61.3,52
136227,S500,Q07,M,31-35,105.9724,78.35,51,49.3,51.2,53.7,56.7,48.2,46.5,46.8,46.2,47.6,53.8
136732,S900,Q07,F,31-35,96.83624,129.86,37.4,40.5,49.8,32.9,60.1,34.2,57.1,65.7,52.7,44.2,53.7
136833,Q2,Q02,M,31-35,128.32,97.23,45.6,36.6,43.4,49,55.9,41.2,74.6,55.8,52.7,49.4,47.4
137027,S500,Q05,M,31-35,101.47,101.56,37,47.1,43.4,32.9,40.1,34.2,41.3,51.9,50.2,57.4,37.6
137128,Q1,Q02,F,31-35,106.01,108.5,46.8,36.6,43.4,44.3,44.8,46.1,55,46.1,50.2,54.7,51.6
137229,S900,Q10,M,22-25,126.9509,90.9,41.5,59.6,43.4,47.2,46.4,48.2,48.5,59.6,71.6,55.6,52
137633,S500,Q06,F,22-25,101.4653,97.87,46.5,40.5,43.4,49,58.2,42.5,62.9,71.6,64.5,66.5,52
137936,S500,Q05,M,31-35,84.36,83.55,28.6,46.8,64,32.9,40.1,34.2,52,44.2,46.5,66.5,74.1
138231,Q1,Q01,F,31-35,87.03,100.91,52,51.1,43.4,51.4,60.3,44.7,55,48.1,42.7,53.1,53.7
138534,Q3,Q03,M,22-25,99.55,84.33,36.2,41.4,43.4,32.9,40.1,34.2,52.6,53.8,55.1,66.5,37.6
138837,S900,Q11,M,22-25,82.32327,80.54,54.1,52.7,60.7,60.5,40.1,53.3,43.1,38.7,42,51.2,63.8
139233,S500,Q04,F,31-35,107.27,105.4,42.7,40.5,43.4,47.3,44.8,34.2,62.8,65.7,63.8,66.5,37.6
139637,Q2,Q03,F,31-35,107.24,110.13,44.3,57.7,43.4,51.2,57.5,42.6,55,54,46.2,50.9,56.1
139839,S900,Q07,M,26-30,129.6745,137.14,50.1,48,58.4,49.6,54.7,50.9,55,50,54.2,54.2,52
140117,S500,Q04,F,26-30,83.42,86.02,52.8,58.1,58.9,49.2,50.5,62.2,48.3,44.5,55.7,62,55.5
140319,S900,Q08,F,36+,109.9576,131.33,57.3,36.6,58.2,60.3,61.5,53.5,57.2,63.4,48.4,60.9,50.3
140420,Q2,Q02,F,26-30,96.17,85.38,59.2,48.2,43.4,59,62.5,64,35.3,40.8,35,48.4,56.5
140723,S900,Q07,M,31-35,96.04884,71.99,33.4,44.8,43.4,37.2,40.1,34.2,55,46.8,50.2,41.2,55.2
140824,Q3,Q04,M,31-35,123.88,97.73,51.8,47.8,78.7,60.3,69.5,49.9,55,50,44.1,55.2,53.8
140925,S500,Q04,F,22-25,69.7,87.12,67.6,62.9,61.6,70.8,60.1,64,31.3,36.2,40.2,30.1,77.4
141119,S900,Q9,M,26-30,120.3801,116.46,48.8,52.2,63.5,53.1,47,34.2,59.7,58.1,52.8,62,53.7
141422,S500,Q06,F,31-35,118.2637,109.72,46,59,58.5,46.2,44.8,43.8,62.8,50,48.4,42.4,53.7
141624,S900,Q05,F,22-25,75.3,101.64,39.2,55.1,66.3,45.9,40.1,45.5,43.7,40.5,51.6,34.9,44.9
141826,S500,Q04,F,26-30,81.94,96.45,37.4,36.6,43.4,44.3,40.1,34.2,64.5,67.7,59.7,57,37.6
142424,Q3,Q03,M,26-30,70.11,72.45,69.6,59.8,62,56,61.2,60.5,44.9,42.1,45.6,40.3,62.1
142828,Q1,Q01,M,31-35,105.96,118.02,54.6,42.4,56.9,46,56.5,45.8,57.1,53.6,54.7,49.6,43.6
143325,Q1,Q01,F,31-35,109.54,91.73,44.3,67,55.7,56,54.4,49.4,37.9,42.7,48.4,29.7,69.6
143426,S900,Q11,F,26-30,95.94632,91.83,54.8,45.1,43.4,51.2,55.9,45.6,57.3,46.5,48.4,50.8,54.9
143527,Q3,Q04,M,26-30,114.71,75.64,48.1,48.8,73.1,40.9,49.8,44.4,36.7,46.3,55.7,56.2,37.6
144125,S900,Q12,F,31-35,74.10113,75.06,42.4,36.6,43.4,32.9,40.1,34.2,74.6,66.5,58.7,66.5,47.4
144226,Q1,Q01,F,31-35,85.34,97.78,36.1,54.8,43.4,44,44.8,44.7,43.1,42.1,38.4,40.3,47.4
144428,S900,Q02,M,22-25,106.32,107.98,60.7,57.6,62.5,56,51.7,69.5,43.8,40.8,31.4,41.2,62.2
144731,S900,Q10,F,26-30,132.7172,104.04,51,50.1,43.4,55.7,62.1,44.8,62.8,57.9,59.2,39.8,51
144832,S500,Q06,F,22-25,113.5742,125.28,47.5,43.3,43.4,46.7,48.9,43,51.7,50,50.2,47.1,47.4
145127,S900,Q08,M,22-25,119.6438,85.5,51,54,52.2,54.4,40.1,49.9,60.1,51.3,48.4,66.5,53.7
145531,S500,Q05,M,31-35,101.63,77.63,41.8,38,52.2,36.5,45.3,34.2,59.7,63.7,55.7,47.7,47.4
145834,S500,Q06,F,26-30,124.94,71.09,46,36.6,62.1,60.7,40.1,48.1,55,50,42,47.9,53.7
146129,MEG2,Q08,M,22-25,108.86,143.56,46.5,40.5,51.2,51.2,40.1,49.9,51.6,57.9,60.2,66.5,53.8
146331,S500,Q05,F,26-30,68.71,96.94,28.6,59.1,69.6,32.9,40.1,34.2,63.3,51.9,58.6,49.8,46.4
146432,S500,Q06,M,31-35,110.3988,113.48,48.5,36.6,43.4,32.9,40.1,34.2,57.1,52.2,44.4,50.9,37.6
146533,S900,Q12,M,26-30,113.9937,97.87,37.9,51.4,53.7,49.3,49.8,34.2,54.4,50,55.1,45.4,49.6
146634,S900,Q04,F,26-30,126.029,106.31,42.8,49.8,43.4,32.9,40.1,34.2,57.1,50.3,57.6,61.3,51.6
146937,S900,Q08,F,31-35,121.3602,104.04,48.7,48.9,50.8,43.7,66.8,46.1,53.1,48.1,50.2,58.1,37.6
147030,S500,Q05,M,26-30,115.26,77.6,50.9,36.6,43.4,51.4,62.4,34.2,74.6,71.6,71.6,66.5,37.6
147737,S500,Q06,F,31-35,127.4767,107.94,48.5,65.1,56.2,56.5,60.3,60.5,47,46,40.3,26.1,71.7
148032,Q3,Q03,F,31-35,114.75,101.15,37.4,36.6,43.4,46,46.5,39.6,60.1,65,57.2,50.9,37.6
148133,S900,Q10,F,26-30,121.2009,96.12,55,63.6,51.2,55.8,59.4,55,47.8,50,55,44.6,63.8
148234,S900,Q03,F,26-30,127.95,103.5,44.7,65.7,43.4,58.3,62.5,58.9,40.1,38.9,50.2,45.2,65.2
148335,Q3,Q04,F,31-35,121.21,110.93,55.8,51.1,55.8,52.9,59.7,43.3,51.7,71.6,52.7,66.5,49.3
148436,S900,Q08,M,26-30,96.22433,73.5,43.3,54.9,60.6,42.9,46.4,42.3,57.1,56.1,50.2,54.3,53.7
148840,S500,Q04,F,22-25,108.59,99.39,49,64.9,43.4,56,69.7,51.3,52.6,46.8,50.2,40,59.7
148941,S500,Q07,M,26-30,110.1767,104.97,49,49,49.8,52.1,56.7,38.9,64.5,68.1,59.7,58.6,37.6
149236,S900,Q08,F,22-25,145.006,144.35,49.9,54.3,43.4,57.7,55.9,54.3,52.7,40.8,40.2,46.2,51.6
149337,Q1,Q02,M,31-35,106.47,109.74,45.6,48,49.8,44,40.1,48.1,60.1,53.6,50.2,43.8,47.4
149539,Q2,Q02,M,22-25,125.37,121.5,48.1,55,43.4,55.8,62.4,43.5,64.5,51.7,46.2,50.9,47.4
149741,S500,Q05,M,26-30,85.43,92.21,37.2,47.1,43.4,41.1,44.8,38.9,62.6,56.5,52.1,49.9,47.4
149842,S900,Q10,F,31-35,97.49862,96.97,44.2,55.5,49.8,50.8,46.4,49.4,65.8,52.2,56,41.1,53.8
150019,S900,Q12,M,26-30,96.81723,96.12,31.6,56.9,55,42.3,50.5,34.2,62.8,55.7,52.7,62,43.1
150423,Q1,Q01,F,26-30,117.35,90.37,54.6,54.9,49.8,52.9,51.7,51.3,54.4,43.4,44.4,50.9,53.5
150524,Q3,Q03,F,26-30,96.78,103.15,54.3,68.9,62.6,63.3,40.1,57.8,33.8,32.7,42,41.7,56.2
150625,S500,Q04,M,26-30,109.7,81.06,46.3,44.8,43.4,49.3,53.7,39,68.2,57.5,52.7,66.5,37.6
150726,S500,Q05,M,22-25,110.74,118.45,49.8,51.5,43.4,53.7,59.6,54.3,54.4,48.5,50.2,49.3,58.1
150928,S900,Q11,M,22-25,119.9597,106.9,55,49.7,62.7,57.7,50.5,51.2,51.1,49.9,50.2,58.5,49.6
151223,Q2,Q02,F,26-30,91.99,89.55,61.1,62.6,43.4,64.9,62.8,55,44.8,39.7,53.9,42.5,59.3
151425,S900,Q9,F,26-30,110.1132,112.44,49.5,64.4,43.4,49,51.8,46.1,56.6,60.8,57.1,55.4,43.1
151526,Q3,Q03,M,26-30,114.79,101.58,67.2,73.6,53.7,71.3,67,69.5,33.3,37.9,33.2,29.1,68.2
151627,Q2,Q02,F,26-30,110.26,111.87,40.2,51.2,52.2,39.4,40.1,34.2,70.1,61.3,67.8,66.5,47.7
151728,S500,Q04,M,31-35,120.24,106.18,51.7,63.5,43.4,56,48.9,49.3,49.8,42.5,44.4,49.8,47.4
151829,S900,Q10,F,31-35,98.15877,122.43,50.3,51.3,43.4,55.1,59.9,51,50.9,65.6,42,48.7,47.9
152831,S500,Q06,M,26-30,130.168,76.48,57.1,61.8,43.4,59.8,45.3,62.2,44.4,39.7,33.2,39.2,63.8
152932,S900,Q03,F,22-25,102.08,88.99,48.4,59.3,49.8,58.3,54.4,47.9,60.1,46.5,44.4,48.8,59.7
153025,Q3,Q04,F,22-25,103.8,74.97,47.9,58.4,66.2,51.2,63.8,44.2,64.5,67.7,66,59.3,47.4
153227,S900,Q12,F,31-35,106.4384,117.3,49.5,36.6,43.4,46.9,44.8,46.3,53.1,50,50.2,47.7,53.7
153429,Q1,Q02,M,31-35,127.59,121.73,54.4,36.6,61,65.6,55.4,56.6,60.1,48.2,48.4,58.5,43.1
153631,S900,Q10,F,22-25,115.9501,66.72,57,56.9,43.4,66.9,58.5,60.5,48.9,40.2,40.3,55.2,60.4
153732,MEG2,Q07,F,26-30,83.34012,127.45,39.6,48,51.2,43.3,62.1,34.2,59.9,42.4,58.7,37.1,37.6
153833,S500,Q06,F,22-25,98.4372,101.27,54.8,51.4,62.8,49.3,40.1,48.1,61.5,62.8,61.2,49.4,49.6
154229,S900,Q10,F,22-25,110.1175,80.54,40.4,64.6,56.6,63.3,51.8,48.5,43.3,45.2,46.5,36.1,63.8
154431,Q3,Q03,F,26-30,100.62,108.43,28.6,36.6,43.4,32.9,45.3,34.2,74.6,71.6,52.7,66.5,37.6
154532,S900,Q9,M,26-30,93.51323,131.89,51.8,48.9,69.6,54.4,60.1,42.4,57.3,44.5,52.7,66.5,47.4
154734,S500,Q06,M,31-35,121.4939,83.22,35.4,36.6,43.4,46.9,50.4,39,68.2,68.1,55.7,50.9,43.1
154835,S500,Q07,F,31-35,97.32089,107.94,45,58,59.9,51.2,50.2,48.2,48.9,53.8,55.7,42,62.1
154936,S500,Q04,M,26-30,81.67,71.1,70,68.2,64.2,68.5,50.3,58.8,38.9,50.2,38.1,32.5,73.8
155231,S500,Q06,F,31-35,125.5443,126.24,42.8,61.5,43.4,46,59.6,44.7,69.1,50,55.1,66.5,43.1
155635,S500,Q04,F,26-30,114.66,119.74,54.1,58.3,58.4,52.3,63.8,49.9,48.8,50,42.7,46.5,48.2
155938,S900,Q08,M,26-30,126.2436,68.79,36.9,36.6,43.4,50.6,52.9,44.7,55,38.3,46.5,53.2,56.2
156031,S900,Q11,F,26-30,108.7224,134.92,54.1,45.2,76.1,46,50.5,44.8,68.2,60.8,71.6,66.5,37.6
156233,Q3,Q03,F,22-25,81.63451,144.38,44.2,44.8,70.6,40.1,54.3,43.8,57.1,71.6,44.4,66.5,37.6
156334,MEG2,Q03,F,26-30,105,119.71,48.7,40.5,43.4,47.2,50.5,45.6,65.6,51.7,52.7,47.8,53.7
156435,S900,Q11,M,22-25,107.9088,125.28,54.3,56.3,43.4,52.1,56.9,46.1,49.8,57.7,52.7,54.2,50.3
156536,S900,Q12,M,22-25,146.5642,148.4,44.6,48.5,55.4,46.7,53.5,43.9,57.1,58.7,50.2,50.1,53.5
156637,Q1,Q01,M,31-35,120.36,87.85,63.8,60.4,51.2,59.7,46.5,56.3,37.4,34.9,42.3,42.5,64.6
157235,S900,Q9,M,31-35,101.6269,109.72,54.2,58.3,52.2,49,46.4,42.8,74.6,60.5,58.7,66.5,37.6
157336,Q2,Q02,F,31-35,132.64,97.76,49,36.6,49.8,51.2,55.9,48.1,57.1,48.5,50.2,49.8,53.7
157437,S500,Q04,F,26-30,96.06,107.32,46,56.6,52.2,42.9,59,42.8,60.1,60.6,61.5,60.9,47.4
157942,S900,Q07,F,36+,103.8943,102.2,50.9,53.8,43.4,54.9,57.4,57.6,48,50,50.2,48.7,51.4
158035,Q2,Q02,F,26-30,107.39,115.48,54.9,40.9,43.4,48.6,40.1,53.4,48,46.2,35,45.4,53.7
158136,S500,Q04,M,31-35,93.24,111.16,54.7,58.2,62.5,63.3,50.2,62.2,40.1,35,38.2,45.2,63.8
158338,S900,Q08,M,22-25,145.006,104.97,51.8,57,60.6,54.1,55.9,46.1,55,58.5,61.6,42.3,51.2
158540,Q2,Q02,M,31-35,119.49,99.38,48.6,55.9,51.8,40,44.8,34.2,60.1,57.7,57.1,47,56.6
158843,S900,Q08,M,26-30,112.3604,79.15,48.8,62.6,55.8,51.2,54.2,39,57.7,48.5,50.2,49.8,55.8
159138,S500,Q04,M,31-35,99.21,93.52,37.8,36.6,43.4,42.7,44.8,34.2,64.5,55.8,65.1,58.9,37.6
159239,Q1,Q01,F,31-35,114.36,105.38,28.6,54,43.4,32.9,40.1,34.2,51.7,53.8,50.8,54,37.6
159340,Q3,Q04,M,26-30,117.78,75.48,36.5,36.6,55.8,37.6,40.1,34.2,65.8,68.1,71.6,66.5,37.6
159441,S500,Q06,F,26-30,129.8329,47.56,56.1,40.5,52.5,61.6,73.5,50.8,64.3,57.6,50.2,55.9,47.4
159744,S900,Q11,M,31-35,101.9051,143.14,49.5,45.2,60.6,40.9,44.8,43.4,74.6,53.6,58.5,55.5,47.4
159845,S900,Q11,F,31-35,93.9433,90.05,46.1,36.6,52,52.9,56,42.2,51.8,44.3,50.2,49.8,37.6
159946,S900,Q07,M,26-30,120.4676,146.4,65.6,56.7,61.8,61.6,66.9,55,53.1,48.3,42,48.7,53.7
160123,Q3,Q03,M,31-35,100.72,118.72,51.2,40.9,43.4,50.6,54.8,48.2,45.1,56.9,40,39.8,47.4
160729,S900,Q08,F,22-25,102.6653,119.78,53.8,51.5,53.1,60.5,75.8,45.7,53.1,51,46.5,50.6,53.7
160830,S500,Q06,F,26-30,116.5519,61.27,37.6,51,52.2,51.4,50.3,51.3,41.7,50.4,47.2,54.6,59.1
160931,S900,Q08,F,31-35,115.7478,111.48,41.1,58,43.4,58,47.2,45.8,48,43.9,55.3,49.8,50.3
161327,Q3,Q03,F,26-30,75.57,108.27,56.9,61,71.9,52.2,40.1,51.7,49.6,51.9,36.2,42.4,47.6
161630,S500,Q04,F,26-30,113.68,94.38,38.1,40.5,55,41.7,40.1,39.4,62.8,55.8,58.5,62,37.6
161731,Q1,Q01,F,31-35,113.56,113.07,44.6,53,52.2,51.2,57.5,34.2,57.1,50,68.7,47.6,46.4
162026,S500,Q06,F,31-35,106.65,121.98,34.6,50.3,43.4,32.9,40.1,34.2,55,44.5,50.2,61.3,53.7
162228,S500,Q07,M,22-25,108.7028,92.66,31.6,36.6,43.4,37.9,40.1,34.2,58.9,57.7,50.2,66.5,37.6
162329,Q1,Q01,F,26-30,93.24,88.9,31.6,42.8,43.4,39.6,40.1,34.2,65.8,53.5,52.7,59,37.6
162733,Q3,Q04,F,26-30,114.72,81.26,48.2,40.9,49.8,54,61,43,54.4,50,44.4,49,48.2
162834,S900,Q9,F,26-30,123.5741,103.13,45,36.6,53.2,44,40.1,44.9,45.1,50,46.5,43.5,53.7
162935,S900,Q9,M,22-25,113.1748,89.14,54,48,43.4,51.2,44.8,55,37,46.5,33.2,40,62.2
163129,Q3,Q04,M,26-30,115.33,97.54,48.4,43.6,43.4,59.8,50.5,51,64.1,71.6,55.1,57.2,37.6
163331,S500,Q06,M,31-35,111.043,100.43,48.4,48.4,61.8,32.9,48.9,45.9,65.6,50,48.4,48.8,47.4
163432,Q2,Q02,F,31-35,112.07,110.89,45.6,47.1,43.4,51.2,59.7,46.1,62.8,58.6,55.7,58.6,44.9
163836,S500,Q06,F,31-35,109.3524,63.93,51.3,58.4,65.5,51.2,52.3,46.1,46.5,46.5,66,44.6,53.7
164030,S500,Q05,M,31-35,105.36,105.46,45.9,36.6,43.4,42.6,40.1,38.5,57.1,56.1,40.7,57.2,44.9
164131,S500,Q04,M,26-30,133,110.21,52.4,60.7,55.8,45.7,53.5,49.4,39.9,40.5,46.2,43,62.2
164636,S900,Q9,M,22-25,110.1274,82.24,44.4,42.8,53.2,43.8,55.2,48.1,74.6,63.1,52.7,62,37.6
164939,S500,Q06,F,26-30,95.01,72.22,51.1,62.3,43.4,60.7,40.1,76.5,37.7,37.2,43,26.5,73.6
165032,S500,Q05,M,22-25,74.61,118.09,60.2,54.7,59.2,51.2,53.7,46.1,57.1,57.6,50.2,46.8,52.1
165234,Q3,Q03,F,22-25,153.0889,111.72,56.4,52.1,50.8,57.7,53,53.5,64.5,42.1,56,61.3,60.4
165638,S900,Q07,M,26-30,141.0514,121.65,37.8,47.6,43.4,41.4,49.8,34.2,67.7,61.3,65.8,58.2,43.1
165840,Q3,Q03,M,31-35,104.3,77.99,52,54.4,63.9,52.1,56.3,48.7,42.2,42.4,39.1,36.3,66.5
166438,S500,Q04,M,31-35,109.83,97.17,43,59.6,52.2,49.6,58.5,38.5,52.6,48.5,52.7,43.4,52
166640,S900,Q10,M,22-25,112.7469,45.31,49,59.5,68.8,45.7,54.2,45.7,48.5,53.6,50.2,55.5,56.2
167036,S500,Q04,F,26-30,100.95,99.32,47.5,42.8,43.4,49.6,40.1,41.5,74.6,71.6,58.5,66.5,37.6
167238,S900,Q08,F,31-35,99.89383,80.03,54,59.5,43.4,49,56.9,46.1,64.5,51.7,58.7,48.3,49.6
167743,Q1,Q01,F,26-30,99.77,90.53,50,52.7,52.2,51.2,53,48.1,51.1,53.6,42.7,55,50.3
168038,S900,Q08,M,26-30,94.84802,96.12,57.4,58.8,65.3,53.5,49.8,47,43.3,48,60.6,40.4,56.5
168139,S500,Q07,M,22-25,119.6098,80.54,49.2,46.2,61.8,53.1,49.8,47.2,59.7,56.7,50.2,49.8,50.1
168240,S900,Q08,M,26-30,127.3658,104.97,62.2,58.5,81.4,52.2,58.2,62,45.5,32.9,35,22.8,55.6
168341,S500,Q05,M,31-35,132.72,76.37,49.6,42.8,43.4,39.9,44.8,34.2,40.6,40.5,50.2,61.4,37.6
168745,S900,Q11,F,22-25,111.2874,83.82,59.2,62.3,58.3,63.3,68.2,58.8,45.4,48.5,36,45.9,60.8
169040,S900,Q08,M,22-25,92.53405,104.97,49.1,57.2,68.2,54.4,65.1,51.2,42,40.8,43.8,49.6,56.2
169141,Q3,Q03,M,22-25,106.67,109.84,48.7,48,43.4,55.7,54.4,57.5,54.4,40.8,40.3,48.6,53.7
169343,Q2,Q02,F,31-35,63.69,77.26,48.8,45.8,43.4,54.4,66.4,57.5,38.2,38.6,42,36.2,60.6
169444,S500,Q06,F,26-30,115.3911,88.33,58.8,43.3,55,66.9,57.8,47.6,66.9,67.3,60,43.7,53.7
169747,S900,Q10,F,26-30,108.159,111.48,48.1,51.2,43.4,53.7,40.1,48.7,59.7,50,47.2,54.5,55.5
169949,S900,Q11,M,26-30,107.9928,136.71,43,45,43.4,51.2,49.8,34.2,65.6,58.5,50.2,52.2,37.6
170631,S900,Q04,F,31-35,110.03,79.48,54.3,40.5,43.4,44,47,42.1,60.1,71.6,58.7,66.5,37.6
170934,S500,Q06,F,26-30,114.7352,77.17,49.7,64.9,43.4,70.5,66.7,54.3,41.9,46.6,38.1,49.6,57.8
171330,S900,Q9,M,26-30,117.0253,74.17,46.1,52.2,43.4,50.6,51.4,47.6,52.9,50,42,66.5,43.6
171431,S500,Q06,F,26-30,82.96337,73.5,41.2,57.6,54,45.4,48.9,53.3,37.4,42.5,54.7,45.6,62.2
171532,S900,Q08,F,31-35,107.6119,98.75,59,59.6,69.8,65.7,53.9,58.8,36.9,46.5,32.9,48.6,56.9
171633,S500,Q05,M,26-30,103.07,112.13,49,71,43.4,41.5,51.7,64.2,40.2,55.7,44.4,48.8,62.1
172029,S500,Q06,M,26-30,104.3636,94.38,49.8,62.9,59.1,58.3,61.9,49.9,62.8,52.2,50.2,50.7,59.4
172130,S500,Q05,M,26-30,107.61,85.18,54.1,46.7,43.4,54.4,49.8,47.6,38.8,42.1,48.4,50.8,52
172332,Q1,Q02,F,26-30,76.49,86.31,28.6,49,43.4,46,40.1,46.1,43.4,54.3,37.9,53.7,37.6
172433,S900,Q11,M,22-25,102.3281,108.74,28.6,56.2,43.4,32.9,44.8,42.6,44,51.9,45.6,42.8,51.6
172534,S500,Q04,F,22-25,109.57,102.77,42.2,57.7,43.4,32.9,40.1,34.2,57.1,53.2,52.7,54.4,37.6
172938,S500,Q04,F,31-35,71.3,92.29,40.3,47.1,56.8,46.7,58.4,34.2,57.3,58.7,51.8,61.4,47.4
173132,S500,Q06,M,31-35,118.1,107.94,45.6,40.5,64.2,49.3,51.8,44.7,57.1,50,57.1,58.9,44.9
173233,S900,Q07,M,26-30,114.9018,88.33,47.5,61,49.8,51.7,61.8,48.1,51.2,40.7,48.4,51.5,37.6
173334,S500,Q04,M,26-30,145.11,92.3,45.1,55.1,53.2,51.2,52.4,45.6,48.9,48.1,44.4,44.4,57.1
173435,S500,Q05,F,26-30,119.75,105.9,47,40.5,52.2,49.6,53,46.1,40.9,59.9,48.4,59.3,52
173536,S500,Q06,F,31-35,107.0446,143.88,59.4,50,43.4,59.7,50.4,52.5,57.1,45.8,44.7,57.6,51.6
173637,S900,Q9,F,22-25,102.9839,104.97,34.5,36.6,43.4,49.3,46.5,34.2,70.1,68.2,65,50.9,47.4
173738,S900,Q11,M,31-35,133.1783,100.43,57.1,51.6,59.5,55.1,40.1,52.7,58.6,50,38.4,42.9,54.9
173839,S900,Q11,F,22-25,90.36139,74.17,35.9,54,56.1,55.1,51.5,45.7,57.6,56.7,49.6,46.8,60.7
173940,S500,Q05,F,26-30,114.34,94.18,47.2,52,52.2,51.2,58.3,49.4,60.1,48.1,46.5,43,51.3
174437,S900,Q01,F,31-35,79.77,108.77,53.2,55.1,43.4,59.7,51.7,53.5,49.8,68.1,58.2,59.3,47.3
174841,S900,Q9,M,22-25,122.9244,106.9,32.7,36.6,43.4,32.9,46.5,34.2,66.9,50.6,60.8,60.9,37.6
175035,S500,Q05,M,22-25,90.3,62.24,28.6,59.1,65.5,32.9,40.1,34.2,64.8,31.4,33.9,25.7,51.2
175237,S900,Q10,F,31-35,113.9377,147.29,45.1,45.2,43.4,44.3,44.8,46.1,57.1,50,57.1,62,49.6
175338,S900,Q10,F,22-25,110.4547,61.72,47.5,44.9,63.3,46,40.1,41.2,50.9,48.1,59.6,48.2,52.2
175439,Q2,Q02,F,31-35,97.24,108.39,59,64.6,43.4,58.3,50.4,62.2,57.1,48.1,50.2,46.6,57.8
175540,MEG2,Q03,M,31-35,130.19,123.06,47.7,49.3,52.2,32.9,53.4,41.9,49.8,43.3,48.4,39,47.4
175742,S900,Q08,F,31-35,105.9309,131.33,42.4,53,49.8,40.1,56.9,34.2,57.1,61.6,50.2,56.2,55.5
175944,S900,Q11,M,26-30,117.8601,75.77,52.8,67.3,43.4,51.2,46.5,55,62.9,44.1,50.2,66.5,37.6
176037,S900,Q08,F,26-30,105.2437,144.06,49.8,54.5,49.8,49,51.7,49.9,57.1,50.3,48.4,52.5,53.4
176239,S900,Q07,M,31-35,113.8753,98.75,51,52.2,55.8,44,45.3,46.1,55,48.1,48.4,55,53.7
176441,S900,Q11,M,26-30,115.4986,85.5,58.8,53.2,53.1,56.5,58,52.5,55,51.9,50.2,49.2,47.7
176542,Q3,Q03,F,26-30,114.82,94.23,44.4,42.8,62,35.9,40.1,34.2,45.5,37.9,45,40.3,53.7
176744,S900,Q08,M,31-35,117.0251,124.42,54.9,36.6,43.4,41.7,40.1,34.2,60.1,52.2,58.7,42.4,44.9
177241,S900,Q08,M,26-30,101.9643,112.44,43.8,42.8,63.2,46,40.1,34.2,62.5,55.8,50.2,54.8,44.9
177342,S900,Q9,M,22-25,90.49834,89.14,47.7,63.7,43.4,49.6,44.8,45.7,53.1,36.7,50.2,48.7,49.6
177645,S500,Q05,F,26-30,118.64,90.94,53.9,45,53.2,54,51.8,51.7,48,48.1,40.3,46.6,63.8
177746,Q2,Q02,F,26-30,113.4,96.43,44.8,53,43.4,48.8,40.1,45.6,59.7,50,58.7,61.9,52.1
178142,S500,Q05,F,26-30,133.88,118.96,40.3,53.9,59.7,32.9,53.6,34.2,55,38.7,48.4,59.3,43.1
178243,S900,Q10,M,22-25,87.84955,119.78,40.6,58.1,52.6,45.2,51.7,42.2,47,42.1,44.4,43.4,56.2
178647,S900,Q08,F,31-35,98.15406,84.87,36,57.4,56.2,49.6,57.5,42.4,48.3,52.2,50.2,42.7,61.5
178748,S500,Q04,M,31-35,98.36,98.25,49.8,56.8,56.6,44,40.1,43,57.3,48.5,58.3,47.3,54.3
178849,S500,Q06,M,22-25,114.7164,106.9,49.7,53.8,59.6,56,54.8,55,50.2,48.1,50.2,49.2,61.5
178950,Q3,Q04,M,31-35,97.41,111.35,67.2,59.4,43.4,56,40.1,62.2,42,36.8,40.2,50.4,60.1
179043,S500,Q05,F,26-30,83.52,97.45,50.9,49.5,56.4,52.2,44.8,39.6,47,40.8,55.7,52.3,44.9
179245,S900,Q10,F,31-35,89.85418,96.97,49.5,36.6,73.7,55.7,40.1,57.6,25.2,38.7,42,48.5,53.7
179346,S500,Q06,F,26-30,102.7025,90.9,42.4,36.6,43.4,46.7,44.8,46.1,59.7,50,50.2,53.6,37.6
179548,S500,Q05,F,26-30,84.07,81.81,49.5,49.3,49.8,53.7,55.3,56.3,58.3,60.9,63.8,55.4,49.6
179952,S900,Q06,F,26-30,95.71776,135.63,44.4,48.3,43.4,46.3,46.4,51,51.8,66.3,61.2,61.3,37.6
180129,S500,Q06,F,26-30,78.68,89.52,85.4,74,83.1,84.9,87.5,76.9,44.8,43.5,34,27.7,73
180432,S500,Q04,F,31-35,120.46,127.56,52.8,43.6,43.4,54.1,56,43.6,65.8,59.8,46.5,46.8,50.4
180735,S900,Q08,F,31-35,111.9258,93.58,46.4,36.6,43.4,46,40.1,46.1,57.1,57.5,52.7,52.4,51.2
180836,S500,Q05,F,31-35,107.16,88.27,60.7,55.3,49.8,59.8,46.3,50.9,55,38.7,39.6,33.2,65.2
180937,S500,Q06,M,36+,132.6604,67.13,50.3,55.4,62,53.7,54.2,55.5,52.7,60.8,42,33.5,73
181131,S500,Q06,F,31-35,80.92178,126.24,51.7,43.3,43.4,63.3,66.1,58.9,39.9,40.8,42,61.9,37.6
181232,S500,Q04,F,26-30,118.55,112.17,40.3,44.8,43.4,51.4,49.8,41,64.3,51.9,56.4,54.4,37.6
181636,S900,Q08,F,31-35,80.11594,71.99,43.3,42.8,43.4,56.5,51.7,34.2,55,58.7,66.1,57.1,37.6
182032,S900,Q07,F,31-35,97.76701,109.72,41.9,44.5,43.4,37.9,56.9,34.2,57.1,43.1,51,47.3,56.2
182436,S900,Q07,F,31-35,98.42886,98.75,47.5,60.4,55,54.8,44.8,45.7,57.1,55.9,46.2,50.3,49.6
182739,Q1,Q01,F,26-30,95.83,76.63,44.2,42.8,43.4,47.2,55.9,48.1,52,61.2,50.2,49.8,50.1
182840,Q2,Q03,M,31-35,107.14,106.76,62.9,69.5,65.8,61.3,70.8,56.3,41.3,35.7,40.3,54.1,61.3
183034,S500,Q05,M,31-35,124.62,97.76,35.3,58,67.4,38.3,40.1,34.2,49.2,50.3,50.2,48.7,47.4
183337,S900,Q9,F,31-35,77.66682,105.92,40.4,36.6,53.2,44.3,54.2,39,59.7,66.5,63.9,61.3,46.4
185139,Q2,Q01,F,31-35,97.48,115.53,28.6,49,43.4,54.9,44.8,34.2,65.5,52.2,48.8,58.2,37.6
185341,S900,Q9,F,22-25,95.04762,72.46,54,52.7,43.4,64.9,46.3,65.8,40.6,50,42,37.2,55.2
185442,S500,Q07,M,22-25,123.1127,116.46,36.3,36.6,55,52.2,47.2,45.7,69,34.2,52.3,37.8,43.7
185846,S900,Q10,M,26-30,103.9274,63.02,52.3,55.1,61.8,57.7,61.3,53.4,52.6,53.8,46.5,49.8,51.6
185947,S900,Q08,F,26-30,111.342,111.48,50.7,59.5,63.6,63.9,75.6,62.3,43.8,44.3,46.5,51.4,57.8
186141,S500,Q04,M,31-35,91.24,90.33,43.5,55.5,56.2,46,40.1,53.4,48.3,48.8,48.6,36.5,60.4
186242,S900,Q11,M,26-30,92.60767,104.97,43.7,61.1,72.4,32.9,56.9,34.2,57.7,61.9,46.5,40.5,37.6
186444,S900,Q10,F,22-25,114.3121,112.44,49.8,58.3,58.2,61.3,59.7,59.8,53.4,38.8,40,40.6,68.4
187143,S500,Q05,M,26-30,121.65,64.96,50.6,47.3,64.6,51.2,57.4,47.6,49.8,53.8,61.5,52.1,52
187345,S900,Q9,F,31-35,127.1674,144.44,43,53.9,52.5,51.2,53.5,46.1,54.4,46.1,50.2,53.9,53.8
187547,S500,Q06,F,31-35,102.07,112.35,38,55.1,52.2,41.2,40.1,34.2,57.1,60.6,57.2,49.8,37.6
187850,S500,Q06,M,22-25,85.36307,128.38,47.5,36.6,43.4,51.2,44.8,43.6,57.3,60.2,64.6,62,37.6
188246,S900,Q08,M,26-30,102.2341,101.27,44.2,48,71.4,46,50.5,43,57.1,57.6,50.2,66.5,37.6
188347,Q3,Q04,F,26-30,94.89,115.61,28.6,49,60.1,32.9,47,34.2,62.9,57.8,50.2,66.5,37.6
188448,S900,Q11,F,22-25,120.2452,110.48,52.8,62.6,55,45.7,56.6,46.1,58.7,56.1,55.7,52.5,49.8
188549,S900,Q08,M,22-25,119.7518,67.76,46,58.5,53.2,56.5,56.2,48.7,53.4,42.7,46.5,50.4,62.1
188751,S900,Q10,M,26-30,103.411,112.44,47.5,36.6,43.4,41.5,49.8,41.6,67.9,56.5,46.2,55.6,37.6
189349,S500,Q05,F,26-30,100.98,105.63,41.4,42.4,53.2,52.9,61.7,42.2,62.8,42.6,60.1,52.3,43.1
189450,Q3,Q04,M,22-25,98.42,79.72,53.7,48.9,61.1,53.9,40.1,55,57.1,50,52.7,66.5,37.6
190031,Q3,Q03,F,26-30,121.81,112.37,57.4,54.5,43.4,46.2,44.8,54.3,41.7,48.1,40.2,52.2,57
190132,S900,Q07,F,31-35,120.4326,93.58,44.2,40.5,49.8,51.2,44.8,38.9,57.7,55.6,44.4,33.3,52
191033,S500,Q06,F,26-30,108.39,102.73,56.4,47.1,55.2,53.9,60,46.1,62.8,58.7,58.7,46.6,53.5
191336,S500,Q04,M,26-30,112.15,129.6,60.6,36.6,58.6,59.8,40.1,48.1,45.4,38.4,49.9,60.9,52
191437,Q1,Q02,F,31-35,106.95,90.12,56.9,56,49.8,57.7,63.8,55,43.1,50,45,42.1,60.4
191639,S900,Q02,M,22-25,114.75,95.04,55.1,53.3,61.6,56.1,57.4,50.9,53.1,50.6,50.2,56.9,37.6
191841,S500,Q04,F,26-30,108.88,98.44,51.3,53,49.8,59.8,54.4,41.5,57.1,53.6,52.7,62,37.6
191942,S900,Q11,M,26-30,124.9577,92.66,41.9,40.5,43.4,46.2,49.8,34.2,62.8,66.2,66.8,50.4,44.9
192035,S900,Q07,F,26-30,94.20238,93.58,41.2,36.6,43.4,35.9,46.4,38.9,70.6,71.6,71.6,40.9,43.7
192136,S900,Q11,M,22-25,84.61769,110.48,55.6,56.3,62,50.4,53.6,42,55.1,58,50.8,41.6,49.6
192439,Q1,Q01,F,31-35,78.04,96.69,64.4,52.6,52,69.4,49.8,65.1,28.1,40.8,21.9,49.8,59.7
192540,Q1,Q01,F,26-30,94.27,94.2,28.6,42.4,43.4,54,58.3,38.9,59.7,50,52.7,52,47.4
192641,MEG2,Q07,F,31-35,112.9982,124.42,43,53,62,43.7,40.1,38.1,64.5,53.6,63.7,48.7,53.7
192843,S500,Q05,M,26-30,117.03,82.02,54.4,48,49.8,51.2,58.5,51.3,55,50,55.7,51.1,53.8
193239,Q2,Q02,F,26-30,78.81,120.13,44.5,60.2,43.4,51.2,40.1,45.5,55,50,55.7,44.6,54.1
193441,S900,Q07,M,26-30,106.631,96.12,59.3,61.3,65.8,56,64.4,45.7,54.9,50,50.2,40.9,53.7
194140,Q1,Q01,F,26-30,84.92,96.84,42.5,51.4,43.4,46.9,46.4,50.8,47.2,55.7,50.6,53,44.9
194645,S500,Q06,M,26-30,88.18571,50.59,52,55.5,60.8,51.2,56.8,51.3,57.1,47.8,42,47.7,53.7
194746,S900,Q07,M,31-35,112.6158,83.22,40,54.6,51.8,51.7,52.7,34.2,60.1,56.5,61.9,47,49.6
194847,S500,Q04,F,31-35,107.83,104.02,54.1,51.1,43.4,51.2,50.4,48.1,55,52.2,61.8,59.3,47.4
194948,S900,Q04,F,31-35,114.87,97.78,59.2,45.6,54.2,56,50.5,45.6,60.1,57.8,50.8,48.9,59.3
195041,S500,Q07,F,31-35,101.1482,124.42,36.4,36.6,56.4,37.9,54.1,44.8,57.7,50.8,57.2,49.8,37.6
195445,S900,Q9,F,26-30,114.4258,97.87,55.7,60.6,56.9,59.6,60,51.3,40.1,34.1,45,31.7,73
195647,Q2,Q02,F,31-35,104.19,102.06,57.1,60.2,43.4,57.5,61.1,57.5,42.6,48.5,42,66.5,52.2
195849,S500,Q05,M,22-25,101.91,87.9,43.2,40.5,65.9,38.8,50.3,39.4,42.2,63.1,55.4,52.9,43.6
195950,S900,Q10,M,26-30,86.61907,95.29,39.6,57.2,58.9,53.7,47.1,34.2,45.1,57.8,48.4,58.2,37.6
196144,Q2,Q02,F,31-35,95.43,100.82,57.1,64.4,56.8,59.6,53.5,55,44.8,43.9,36.2,38.5,53.7
196346,S900,Q11,M,26-30,110.9818,101.27,28.6,53.8,50.8,32.9,40.1,34.2,57.1,50,50.2,47.7,53.7
196548,S900,Q03,M,22-25,106.28,70.21,43.3,53.9,58.2,50.6,54.8,45.8,55.3,44.1,44.4,52.5,50.1
196750,Q3,Q03,F,26-30,96.26,118.44,52,53.7,49.8,56,63.9,60.3,40.1,37.9,44.4,33.5,62.2
197348,S500,Q06,F,26-30,121.8297,117.3,46.3,50.9,43.4,53.7,58.5,46.1,53.1,57.4,48.4,46.6,61.1
197449,Q3,Q04,F,22-25,85.66,77.15,51.6,55.1,59.5,51.2,61.7,55,47,50,48.1,49.8,56.2
197550,Q1,Q01,F,26-30,102.87,104.78,65,63,54.3,60.9,46.3,76.9,30.6,37.9,35,23.9,76.1
197651,S500,Q04,F,31-35,108.08,116.82,53.5,49.2,43.4,48.7,40.1,51.2,57.1,53.6,40.8,50.7,49.6
197954,S500,Q05,F,31-35,98.27,109.7,62.4,61.7,73.2,55.1,61.6,52.7,51.2,42.5,42,42.9,54.3
198249,S900,Q08,M,26-30,105.7618,118.18,36.8,47.1,67.1,32.9,47.2,34.2,55,50.6,52.7,58.6,37.6
198350,S500,Q05,M,31-35,119.71,116.32,48.9,52.3,43.4,46,50.5,43.6,55.6,55.6,45,47.9,55.3
198451,Q3,Q03,M,26-30,111.03,105.63,58.9,54.7,51.2,64.9,57.9,64,52,45.2,56.5,30.4,61.3
198653,S900,Q10,M,22-25,103.5035,136.71,54.9,59.6,55.1,43.9,60.8,55.4,54.9,37.9,45.9,49.3,63.8
198855,S500,Q05,M,26-30,91.48,85.36,49.8,36.6,43.4,32.9,46.4,44.2,53.4,50,50.2,66.5,47.7
199150,Q1,Q01,F,26-30,92.54,80.97,48.4,36.6,43.4,51,54.9,34.2,60.1,68.9,58.7,57,37.6
199251,Q1,Q01,F,31-35,111.93,110.4,52.8,41.4,43.4,48.7,47.2,44.2,60.3,55.9,50.8,45.3,43.6
199453,S500,Q05,M,22-25,116.44,103.48,32,42.8,43.4,46,46.4,45.5,57.3,57.8,52.7,50.5,44.9
199655,Q3,Q03,M,31-35,93.41,97.16,51,51.4,68.7,51.2,46.4,51.2,51.8,44.2,43.6,50.2,54.2
199958,S500,Q05,M,31-35,113.19,93.28,52.3,62.6,67.9,49.2,50.9,34.2,47.6,42.1,54.1,41.3,51
200008,S900,Q9,F,26-30,116.6181,90.05,52,45.1,43.4,56,54.4,55,47.9,58.7,46.2,52.6,49.6
200109,S500,Q06,F,31-35,104.3425,149.3,45.6,45,43.4,51.2,54.7,43.3,57.1,51.9,52.1,66.5,43.1
200210,S900,Q11,M,26-30,133.1794,92.66,47.2,45.4,43.4,52.1,44.8,48.7,57.7,43.4,50.8,54.8,49.3
200311,S900,Q9,M,31-35,132.3094,70.51,47,47.2,52.5,46,50.5,45.6,57.7,56.9,50.1,53.4,54.5
200614,Q1,Q01,F,31-35,102.78,112.91,41.9,40.5,43.4,49,45.3,39.8,74.6,65.5,63,66.5,37.6
200917,S900,Q10,F,22-25,113.8785,103.13,48.5,57.7,49.8,51.2,56.9,42.8,55,46.3,50.2,66.5,47.6
201111,Q1,Q01,M,26-30,96.36,94.3,64,66.5,66.7,59.8,49.8,62.5,41,46.7,40.3,45.4,68
201414,Q3,Q04,F,22-25,122.75,83,41.9,48.8,53.1,49.3,56.9,39.4,62.8,62.9,64.6,52.5,43.1
201515,S900,Q9,M,26-30,126.0458,130.65,37.7,36.6,56.8,32.9,40.1,39.6,64.5,62.5,58.5,52.5,37.6
201717,S900,Q03,M,22-25,128.6437,61.18,50.5,43.6,66.5,53.6,56.9,44.2,50.9,52.2,50.2,50.9,56.2
201818,S500,Q05,F,26-30,117.51,94.25,48.1,55.7,49.8,45.7,46.4,43.6,57.1,57.6,46.1,38.7,63.8
202113,S900,Q10,F,22-25,109.5578,131.89,52.5,51.4,50.8,48.7,53.6,42.6,44.1,42.5,50.2,56.5,52
202719,S900,Q11,M,22-25,114.5555,130.65,28.6,36.6,43.4,32.9,40.1,34.2,74.6,71.6,71.6,66.5,37.6
203418,S500,Q04,M,26-30,130.91,104.68,54.8,59.4,53.2,54.4,46.5,53.4,47,45,42.3,49.2,55.2
203721,S900,Q06,F,31-35,105.36,91.73,43.9,45.7,43.4,56.2,66,48.2,51.8,52.2,57,55.7,37.6
203923,S900,Q9,F,26-30,89.31237,70.51,54.4,40.5,60.6,56,56.3,62.2,57.1,50,50.2,55,50.3
204016,S500,Q06,F,22-25,113.3498,91.83,49,57.2,43.4,52.1,67.8,48.1,60.1,51.9,52.7,51.9,53.7
204117,S900,Q05,F,26-30,75.04,79.46,41.4,36.6,43.4,55.5,51,55,55,51.9,52.2,42.7,61.9
204319,S900,Q08,F,26-30,116.6099,130.65,60.7,63.3,60.1,56,62,46.1,55,47.8,48.4,53.6,55.2
204420,S900,Q9,F,26-30,107.9117,99.57,33.8,61.5,53.7,32.9,47,34.2,46.5,40.9,40.3,39.9,62.1
204521,S500,Q07,F,31-35,89.55637,86.51,48.5,36.6,53.1,43.7,53,39.1,53.1,50,52.1,47.7,37.6
204622,S900,Q9,F,26-30,91.46719,73.5,37.1,44.8,43.4,32.9,40.1,34.2,62.8,71.6,50.2,61.3,49.6
205119,Q2,Q03,M,31-35,111.14,76.93,41.5,42.8,43.4,44.3,52.2,42.2,44.8,48.8,48.4,58.2,43.4
205220,S500,Q05,F,26-30,117.54,120.62,45.7,36.6,43.4,40.6,40.1,34.2,59.1,50,52.7,66.5,37.6
205725,Q2,Q02,F,22-25,117.39,129.54,51.3,58.1,43.4,53.7,63.3,51,51.7,52.2,36.8,34.5,67.2
205826,Q3,Q03,M,31-35,112.78,87.22,50.9,48.7,56.2,41.6,56.9,47.6,43.4,45.9,45,43.9,56.5
206222,S900,Q10,M,26-30,113.9972,105.92,59,63.3,63.2,59.7,61,56.3,42.1,46.5,35.1,33.4,71.8
207123,S900,Q10,M,26-30,103.5143,107.94,46.5,36.6,59,41.5,56.8,43.3,53.1,50,50.2,50.6,37.6
207426,S900,Q08,M,26-30,112.2682,112.44,28.6,49,62.7,32.9,40.1,34.2,51.7,50,57.1,50.9,37.6
207628,Q2,Q02,M,31-35,83.35,107,41.3,51.4,43.4,43.7,49.8,34.2,52.6,56.4,67.1,51.1,37.6
208024,S500,Q04,F,31-35,106.7,96.19,49,48,43.4,49.3,60.5,44.2,46.5,57.6,42,61.4,43.4
208125,S900,Q08,F,26-30,117.8262,138.01,48.1,56.9,54.2,53.6,46.3,54.3,40.5,40.8,42,30.7,63.8
208226,Q3,Q03,F,22-25,126.35,91.3,41.9,52.8,43.4,51.2,50.5,38.1,57.1,50,60.2,66.5,43.1
208327,S500,Q06,M,26-30,107.2604,96.97,54.8,53.8,55,54.4,53.4,48.1,50.9,50,48.4,33.4,59.7
208428,Q3,Q04,F,31-35,84.17,76.37,42.9,53,62.6,41.4,40.1,48.7,36.7,31.5,37.9,25.8,63.8
208832,S900,Q04,F,31-35,108.31,120.57,51.8,41.4,49.8,55.7,51,49.2,57.7,57.7,56.9,47.6,37.6
209127,S900,Q07,F,31-35,117.6954,134.92,49.8,53,55.7,56,60.1,51.3,42.6,43.9,42,41.7,53.7
209228,S900,Q08,F,26-30,130.2208,103.13,50.3,53,63.4,51.2,58.5,55,57.1,48.5,44.4,37.6,53.1
209329,S900,Q11,F,31-35,101.4599,111.48,43.8,44.2,43.4,51.2,54.4,41.5,69.1,52,58.2,50.2,52
209834,S500,Q05,F,26-30,94.87,57.61,54.7,63,62.2,65.7,45.3,56.9,39.9,48.3,42,37.9,66.5
209935,Q3,Q03,M,22-25,101.74,87.45,58.5,67.8,63.5,46.9,52.1,55,40.5,31.1,28.6,28.5,64.8
210011,S500,Q05,M,22-25,120.53,97.78,46.8,40.5,43.4,42.3,51.5,41.5,55,40.1,50.8,58.2,44.9
210415,S500,Q06,F,26-30,119.12,91.72,47.5,58.1,43.4,51.9,51.5,43.8,60.1,55.9,52.1,51.2,49.6
210617,Q1,Q02,F,31-35,101.36,106.71,41.3,42.8,43.4,46,54.3,39.4,62.9,61.4,57.2,46.1,47.4
211114,S900,Q06,F,26-30,75.42485,111.48,28.6,42.8,43.4,35.9,40.1,39.6,57.1,64.3,68.7,66.5,37.6
211215,S500,Q04,M,26-30,146.64,111.72,43.4,51.4,56.8,49,40.1,48.2,44.3,52.2,48.4,58.1,59.1
211316,S500,Q06,F,31-35,106.2763,86.51,57,56.3,65.3,55.5,66.3,56.1,50.9,48.1,37.7,37.1,53.7
211417,Q3,Q03,M,36+,113.19,107.29,46,47.1,43.4,51.2,67.5,44.7,65.8,51.9,54.1,47.2,43.1
211518,S900,Q07,F,22-25,101.415,97.87,72.3,65,74.9,63.1,70,61.9,33.3,40.8,42,31.5,73
211720,Q3,Q04,M,31-35,117.53,73.55,49.8,54.4,67.8,52.9,44.8,42.6,60.1,53.6,50.2,50.8,64.3
211922,S500,Q06,F,26-30,84.38243,129.22,61.1,59,43.4,63.3,40.1,61.9,55,48.5,42,44.8,53.8
212015,S900,Q11,M,22-25,121.8853,77.17,42.6,40.9,43.4,52.9,46.4,55,74.6,71.6,71.6,66.5,37.6
212116,S500,Q06,M,26-30,103.8343,122.43,31.6,42.8,60.4,32.9,49.8,34.2,64.5,66.5,71.6,66.5,37.6
212217,S500,Q05,F,22-25,75.4,77.01,60.7,64.4,52.8,53.9,45.3,62.2,43.3,48.5,43.6,48.7,58.1
212318,Q2,Q02,F,31-35,105.37,102.9,52.8,45,43.4,51.2,63.9,43.6,47,50,52.7,57.9,37.6
212419,S500,Q05,F,26-30,112.1,90.55,45.6,48.9,43.4,56,51.8,43.8,57.1,53.6,50.2,49.8,52
212823,S900,Q10,M,22-25,121.9764,116.46,39.9,40.9,43.4,41.1,51.8,34.2,68.2,68.1,67.8,60.9,37.6
212924,S900,Q07,F,26-30,120.8681,112.44,54.9,40.5,64,56.5,62.1,52,60.1,62.6,50.2,57.2,53.5
213421,S900,Q11,F,26-30,101.3903,97.87,42.9,53.4,43.4,51.2,57.4,41.8,47.9,50,64,41.3,43.4
214019,Q2,Q02,F,31-35,100.47,106.18,54.9,54.6,55,53.7,53,51.2,49.3,42.5,42.7,36.6,56.2
214221,Q2,Q03,F,22-25,77.96,77.23,50.2,50.1,70.3,53.7,49.8,56,33,54.4,42,52.1,47.4
214423,Q2,Q02,M,22-25,106.97,95.97,54.8,60.2,67.7,53.7,58,51.2,57.1,48.1,50.2,50.7,52
214524,S900,Q9,M,22-25,104.7822,118.18,51.6,55.5,52.2,54,47,45.8,38,52,42,47.5,62.2
214625,S900,Q11,F,31-35,123.1739,98.75,49,44.2,49.8,58,68,48.2,64.5,59.8,50.2,47.5,57.8
214726,S500,Q06,M,22-25,117.53,93.06,56.6,52.2,66.8,51.2,44.8,53.3,52.6,44.5,42,55.7,47.4
217126,Q3,Q04,M,22-25,94.45,91.01,56.6,55.6,63.5,60.6,63.8,55,41.3,40.8,56.7,49,55.6
217429,Q1,Q01,F,31-35,117.14,101.13,54.1,45.1,43.4,55.7,63,49.9,48,55.7,38.4,58.2,52.5
218128,S900,Q11,M,26-30,108.4899,99.57,52,42.8,53.2,42.6,53,45.8,42.6,50,52.7,49,43.4
220721,S900,Q07,M,26-30,126.2728,136.71,62.4,58.9,64.5,59.8,67.3,62.2,56.4,40.8,42,58.2,63.8
221218,S900,Q08,F,26-30,65.68985,84.87,56.6,67.4,67.4,57.6,51,55.4,48.5,58.3,52.6,46.9,61.9
221319,Q2,Q03,F,26-30,82.62,90.95,52.9,53.7,61.2,63.3,65.6,54.3,48,51.9,42,45.8,56.2
223929,S900,Q9,M,31-35,128.8361,144.44,51.3,51,63.6,41.3,55.2,47.6,64.5,52.2,56.9,47.3,37.6
224022,Q3,Q03,F,26-30,114.48,96.53,48.4,58,63.6,55.5,40.1,49.9,49.7,60,71.6,48,53.7
227432,S900,Q07,M,31-35,98.55214,84.87,54.9,40.9,43.4,54.4,49.8,52.7,61.6,38.3,57.4,43.3,53.7
228434,S900,Q08,F,22-25,110.6752,66.72,34.5,47.1,51.2,50.2,55.3,34.2,74.6,66.6,62.9,43.4,49.2
230926,Q1,Q01,F,26-30,114.7,108.79,39.7,42.8,43.4,49.5,45.3,42.9,51.2,50,52.7,53.4,44.9
231928,S500,Q04,F,26-30,110.6,125.69,45.7,58.9,62.9,51.2,56,43.8,42.6,44.2,48.4,51.9,53.8
233326,S500,Q04,M,31-35,120.24,108.62,49.8,36.6,52.2,47.9,47,48.2,57.7,52.2,50.2,56.5,53.7
235128,Q1,Q01,F,26-30,70.69,96.36,48.3,50,43.4,45.2,54.7,41.7,55,49.9,42,41.9,44.9
236130,S900,Q11,F,26-30,112.551,126.24,51.4,54.7,43.4,51.2,54.4,50.8,65.5,50,50.2,66.5,53.7
237334,S900,Q11,F,22-25,105.5726,65.78,51.8,55.6,43.4,49.3,47.1,42.4,43.7,54.7,48.4,52.5,51.5
239944,Q3,Q03,F,31-35,110.44,96.39,46,36.6,52.2,43.9,49.8,42.2,74.6,71.6,50.2,57.2,47.7
245333,Q3,Q03,F,31-35,105.12,114.23,53.8,47.2,43.4,51.2,50.5,48.1,54.4,50,48.4,53.9,53.7
246133,Q3,Q03,F,26-30,120.52,87.84,42.5,51,55.7,41.5,40.1,41.4,47,43.9,50.2,38.1,56.2
248339,S900,Q9,M,26-30,140.2298,137.14,60.7,66.6,57.4,54.2,54.7,55.9,42.6,37.9,31.2,30.7,68
249947,Q1,Q01,F,31-35,109.04,110.38,35.6,36.6,43.4,46,40.1,34.2,74.6,71.6,66.8,66.5,37.6
250427,Q1,Q01,F,31-35,114.34,97.76,46.5,54.9,43.4,49.2,44.8,51.3,53.2,57.6,54.2,56.4,54.5
250932,S500,Q05,F,31-35,126.46,90.44,45.9,46.4,52.5,52,52.1,46.1,55,46.3,48.4,37.6,56.2
251833,Q3,Q03,M,31-35,131.02,108.53,44.2,51.4,60.7,46,63.9,47.9,55,52.2,50.2,66.5,37.6
255639,Q1,Q01,F,26-30,101.72,107.7,54,57.2,43.4,46.9,58.7,45.7,55.2,56.4,44.4,46.3,51.2
256540,S500,Q05,F,22-25,89.3,101.16,33.6,46.8,43.4,42.3,44.8,34.2,54.4,66.5,55,56.2,44.9
257542,S900,Q11,F,26-30,113.7274,103.13,47.5,53.8,43.4,49.9,70.4,41.5,62.8,71.6,59,66.5,37.6
257845,S900,Q9,M,26-30,102.0919,75.77,43.2,36.6,43.4,42.7,54.7,34.2,69,71.6,52.1,66.5,37.6
263032,S900,Q9,F,22-25,70.55,94.3,52.5,61.2,43.4,54.4,52.9,55.5,57.3,48.1,55.7,44.9,47.8
263436,S900,Q10,F,31-35,119.5002,84.87,52.4,53.8,43.4,61.5,54.4,49.4,58.7,51.9,48.4,39.9,60.4
268749,S900,Q10,M,26-30,113.4462,137.14,35.1,47.6,43.4,42.9,46.5,34.2,57.1,67.2,60.2,49.3,37.6
268850,S500,Q05,F,22-25,85.73,94.05,37.1,59,62,46.7,50.5,34.2,51.8,67.7,38.4,45.8,44.9
270332,S900,Q07,M,31-35,133.8846,119.1,48.1,44,60.1,49.3,50.1,46.3,57.7,42.1,46.5,62,49.6
275645,S900,Q10,M,22-25,117.5287,106.9,58.5,44.6,43.4,51.4,47.2,62.2,47,53.8,42,58.2,59.1
280739,Q3,Q04,F,31-35,76.3,91.27,28.6,36.6,43.4,48.7,46.5,34.2,51.7,51,57.2,66.5,37.6
280941,S900,Q11,F,26-30,126.6909,124.42,53.3,62,43.4,59.8,54.4,57.6,53.1,46.5,42.9,43.2,58.1
283543,S900,Q9,M,22-25,117.768,118.18,47.5,53.6,43.4,51.2,54.8,42.1,55,60.5,56.4,44.7,47.4
284646,Q3,Q03,M,26-30,83.16,74.67,58,61.5,64.1,45.5,56,53.3,64.5,71.6,56.8,43.7,63.5
285345,S500,Q07,F,31-35,96.66481,73.5,34.5,40.9,53.2,39.1,51.8,38.9,69.6,63.7,48.4,44.4,43.4
285446,S500,Q06,M,31-35,106.4742,137.66,39.2,42.8,59.7,50.7,49.8,45.6,62.8,59.9,50.2,38.8,58.2
286650,S900,Q9,M,26-30,100.0631,137.66,42.4,55.2,43.4,43.7,49.8,46.3,49.2,55.9,50.2,66.5,49.5
287248,MEG2,Q08,F,26-30,94.5528,88.33,43,40.5,43.4,49,52.2,46.1,70.1,63,55.1,59,47.4
289555,S500,Q06,F,31-35,84.16875,75.06,47.5,54.1,43.4,56.5,58.3,49.9,51.9,55.7,50.2,66.5,52.2
290136,S500,Q06,F,26-30,152.0354,141.73,51.3,54.7,51.6,53.5,54.2,48.1,62.5,48.1,63.7,50,52
293748,Q2,Q02,F,31-35,105.41,122.86,44.3,36.6,43.4,49.2,57.5,38.8,52.6,52.2,50.2,54.3,47.7
295146,S900,Q07,F,26-30,75.40257,123.33,53.3,49,61.6,53.9,40.1,49.5,49.4,64.4,65.9,51.1,37.6
297655,S900,Q08,F,31-35,107.2426,93.58,41.6,36.6,52.2,51.2,40.1,45.8,51.1,71.6,48.4,55.7,52
298051,Q2,Q02,F,31-35,110.55,97.23,46.8,55.1,43.4,53.7,48.9,34.2,62.8,60.5,50.2,61.9,49.3
298455,S500,Q06,M,22-25,91.33876,118.18,54.4,42.8,62.4,58,61.1,46.1,35.6,50,42,48.7,53.7
299154,S900,Q11,M,22-25,118.0895,123.33,49,47.1,57,37.4,54.4,38.1,64.5,61.7,58.2,44.4,37.6
300618,S900,Q04,M,22-25,97.35,105.8,42.4,55.5,62.3,49.2,56,44.7,58.2,50,52.6,53.2,47.4
303119,S500,Q05,F,26-30,98.43,98.24,54.8,60.8,75.5,49.3,50.8,48.1,38.9,50,42,50.6,53.7
303624,S500,Q04,M,31-35,121.43,98.63,36,36.6,43.4,43.6,44.8,42.2,60.1,57.7,55.1,66.5,37.6
304020,Q1,Q02,M,31-35,103.36,98.42,35.6,53,57.4,39.4,40.1,45.5,57.1,42.4,50.2,33.7,52
304727,S900,Q9,F,31-35,97.52122,83.22,42.4,36.6,43.4,51.2,52.4,41.8,71.9,62.5,50.2,61.3,37.6
305830,S900,Q10,F,22-25,127.2247,116.46,45,58.4,52.2,44.3,51.7,46.9,57.1,43.3,46.2,57,55.2
307127,Q1,Q02,F,31-35,116.61,112.82,62.3,62.3,56.8,59.8,44.8,58.9,48.9,50,44.4,36.3,63.8
308129,S900,Q11,M,22-25,91.94673,79.15,49.8,53.7,52.2,51.2,50.4,50,36.8,32.1,46.5,47.8,64.9
308331,S500,Q04,M,26-30,99.82,69.7,37.6,42.8,43.4,32.9,40.1,34.2,67.8,71.6,62.1,62,37.6
309636,S900,Q9,F,26-30,126.5039,99.57,47.7,49.7,43.4,52.9,60,49.4,49.6,53.9,48.4,42.8,62.1
310621,S500,Q06,F,31-35,121.2275,126.24,44.5,40.5,43.4,49.6,54.4,45.1,57.1,62.8,60.2,48.7,44.9
311320,S900,Q9,M,26-30,74.52558,97.87,58.4,60.8,66.3,54.9,40.1,60.3,45.5,52,42,39.2,63.8
316633,S500,Q05,F,26-30,132.58,112.32,55.4,50.6,43.4,65.6,54.3,52.5,40.6,50.3,32.9,50.4,43.1
316835,S900,Q10,F,26-30,105.4811,114.51,44.7,42.4,65.2,51,67.4,47.6,62.8,59.8,52.7,52.1,51.6
317332,S900,Q07,M,26-30,105.514,131.89,52.8,43.6,49.8,49.6,55.2,45.6,48.4,45.9,46.2,46.4,49.3
318637,S900,Q9,M,26-30,118.9075,101.27,39.2,36.6,57.5,51.2,40.1,41.7,41.3,42.4,42,45.4,44.9
320826,S900,Q10,F,31-35,106.1998,90.05,52.8,48.9,52.2,59.7,58,48.1,67.8,65.4,50.2,49.8,59.4
321323,S900,Q11,F,31-35,89.5454,63.93,42.1,47.1,43.4,37.6,40.1,34.2,47.5,50.3,55.7,66.5,37.6
322224,S900,Q08,F,31-35,119.6144,100.43,40.1,47.1,43.4,49,54.4,47.6,55,68.2,46.5,66.5,50.3
329440,Q1,Q01,M,26-30,103.88,100.63,52.5,47.1,58.4,51.2,49.8,46.8,60.3,48.1,46.5,59.3,37.6
330324,S900,Q9,M,26-30,117.0281,106.9,52,40.8,52.2,40,40.1,49.9,45.4,36.2,42,66.5,37.6
333330,S900,Q10,F,31-35,104.7666,91.83,50.9,42.8,56,44.5,56.6,45,47.7,40.8,54.2,47.1,61.5
334635,S500,Q05,F,22-25,114.54,65.6,52.8,62.6,56.9,57.6,63.7,49.2,60.1,57.6,50.2,48.7,51
336841,S900,Q08,M,26-30,123.3733,85.5,50.1,44,53.1,51.4,65.2,41.9,59.4,50.7,55.1,66.5,48.2
339847,S500,Q04,F,26-30,114.7,112.46,46,55.6,43.4,32.9,58,34.2,62.5,55.8,54.1,53.6,47.4
341834,S900,Q07,M,26-30,126.7615,136.71,46.8,51.2,52.2,49,60.8,42.3,64.8,58,65.1,55.9,37.6
341935,Q3,Q04,F,26-30,121.41,92.34,54.3,62.3,55.4,63.3,63.9,58.9,40.5,32.9,33.7,38.3,71.8
346137,S900,Q08,M,26-30,97.54559,98.75,36,48.9,43.4,51.4,53.6,44.2,55,68.9,46.5,44.3,44.1
346945,S900,Q07,F,22-25,99.99792,123.33,50.8,62.8,76.3,37.2,46.4,39.5,63.4,51.4,67.8,57.2,53.7
348545,S900,Q10,M,22-25,95.65884,137.14,73.5,68,77.9,65.1,56.8,59.8,53.1,53.9,51.8,51.9,63.8
351938,Q3,Q03,F,22-25,117.03,75.39,41.5,36.6,43.4,37.6,46.4,34.2,70.9,57.6,50.2,57,37.6
352132,S500,Q05,M,26-30,116.6,101.13,67.9,45.5,50.8,46.5,59.4,51,54.4,40.8,48.4,40.1,57.8
352738,S500,Q04,M,31-35,103.96,120.29,52.1,43.6,43.4,56,50.6,43.6,57.1,50.3,55.4,52.1,43.4
353740,S900,Q10,M,22-25,106.6582,134.24,49,47.1,50.8,53.1,46.4,34.2,62.8,63.3,61.9,56.9,37.6
354439,S900,Q11,F,26-30,102.5755,117.3,48.3,43.6,43.4,57.7,62.4,38.5,57.1,71.6,50.2,58.5,47.4
354944,S900,Q12,M,22-25,131.9991,63.02,58.4,58.5,58.6,58.5,48.4,69.5,38.3,54.2,31.2,30,72.6
355239,Q3,Q04,F,26-30,106.09,79.65,43.1,48.1,49.8,46,40.1,39.5,57.1,50,50.2,60.9,37.6
355542,Q1,Q01,F,26-30,105.92,100.65,65.5,63,63.2,59.8,77.3,49.9,52.7,40.8,42,27.7,73
356948,S500,Q04,F,26-30,108.28,103.98,45.2,47.1,43.4,49.6,50.5,44.9,57.1,62.5,52.7,48.7,37.6
358144,S900,Q10,F,26-30,102.9322,141.31,28.6,56.3,43.4,32.9,40.1,34.2,52.6,51.8,52.7,56.1,49.6
361234,S900,Q12,F,31-35,103.1234,75.06,45.1,36.6,43.4,49,47.1,46.1,46.6,42.5,40.2,54.3,47.4
361941,Q3,Q03,M,26-30,118.97,111.58,56.6,59.4,56.2,70.6,58.6,62.4,36.8,30.9,40.3,33.9,65.2
365343,S500,Q06,F,26-30,132.0182,102.2,49.8,40.8,43.4,46,55.9,41.8,55.3,56.4,45,58.6,47.4
366042,S500,Q04,F,26-30,121.88,96.41,48.4,49.4,49.8,61.6,53.4,51.2,49.6,51.4,42,54.4,43.1
366446,Q3,Q03,M,22-25,106.66,80.25,48.7,48.5,43.4,54.4,55.3,45.5,46,56.7,52.8,49.4,37.6
370740,S900,Q03,F,26-30,105.55,105.62,38.7,42.8,43.4,51.2,40.1,34.2,55,57.6,48.4,43.4,43.1
371843,Q3,Q03,F,31-35,106.85,103.44,59.9,63.1,65.8,63.6,57.5,60.5,38.6,37.9,34.4,24.5,80.4
373039,S900,Q12,F,26-30,81.88236,107.94,50.9,59.2,52.2,51.2,46.4,49.4,43.7,48.1,44.4,49.3,57.8
377451,S500,Q05,F,26-30,113.55,105.01,59.3,52.7,53.2,69.4,60.1,57.3,40.1,44,38.4,38,64.9
378857,S900,Q08,F,31-35,115.4572,88.33,44.1,43.3,52.2,52.1,60.2,45.7,58.7,62.5,48.4,52,49.6
379657,S900,Q10,F,26-30,110.8873,96.12,55.6,63.6,55,63.7,69.4,54.3,47,44.5,42,37.7,59.1
380036,S500,Q05,M,26-30,124.94,115.39,57.1,45,55.7,42.1,56,43,55,51.9,45,41.3,53.7
381038,S900,Q08,F,26-30,92.98494,120.69,56.8,59.6,43.4,63.7,64.1,51.2,40.6,50,38.4,50.3,54.9
381543,S900,Q9,F,22-25,97.67724,136.87,43.6,63.1,67.4,44.3,40.1,34.2,70.6,67.2,60.8,62,43.6
382242,S500,Q04,F,31-35,131.62,116.88,49.9,40.5,43.4,51.4,53,46.1,62.8,58.7,57.2,54.2,53.8
382545,S900,Q11,M,31-35,119.9744,117.3,56.6,45,66.3,61.6,58.3,48.1,59.7,58.7,44.4,57.4,50.1
385450,S500,Q05,M,26-30,112.37,100.86,45.6,50.9,60.6,51.2,50.9,57.5,44.8,33.6,40.3,37.6,66.5
386250,S500,Q04,M,22-25,125.96,84.26,60.1,69.8,51.6,63.3,58,62.2,42,42.5,50.2,46.6,66.4
387959,S900,Q10,M,26-30,96.5797,82.24,50.9,45,43.4,51.2,40.1,49.9,64.5,58.5,56.8,57.1,43.1
389357,S900,Q07,F,26-30,106.0891,134.24,40.1,51.4,49.8,46.2,47.2,44.2,49.8,64.3,50.2,54.8,54.3
390645,Q3,Q03,F,26-30,122.0985,87.95,49.6,51.4,43.4,54.4,55.3,46.1,44.8,58.5,46.2,39.7,49.5
391748,S900,Q11,F,31-35,98.58657,137.66,28.6,49,43.4,46.2,40.1,50.8,41.7,50,50.2,47.6,53.8
393247,S900,Q08,F,31-35,113.875,100.43,40.2,55.8,43.4,42.9,51.7,34.2,71.9,50,60.2,52,52.1
393550,S900,Q08,M,26-30,106.8504,123.33,44.2,45,52.2,40.9,57.8,38.9,59.1,58.7,67.6,58.2,49.2
395251,S900,Q11,F,26-30,144.97,94.38,45.8,59.8,43.4,53.9,40.1,42,64.5,48.8,58.5,55.3,49.6
395756,S900,Q11,F,31-35,112.1031,104.04,35.2,36.6,58.6,37.6,40.1,38.9,55,51.9,50.2,51.4,49.6
395958,S500,Q05,M,26-30,74.83,78.34,28.6,36.6,43.4,32.9,45.3,34.2,57.1,58,47,66.5,82.9
397154,S500,Q05,F,26-30,134.85,109.85,50.3,46.5,53.1,58.3,59.4,48.5,42.3,38.2,44.4,38.4,63.8
397760,Q2,Q02,M,31-35,110.17,111.75,46.4,54.8,43.4,51.2,59,48.2,53.1,51.7,50.2,54.7,43.1
397861,S500,Q06,M,31-35,124.2013,124.42,57.6,66.6,52.2,46.7,50.6,49.4,53.2,52.2,42,42.4,56.5
398964,S900,Q9,F,31-35,97.0018,91.83,54.6,61.1,43.4,56,58.7,49.4,41.7,34.7,42,39.2,61.9
403628,S900,Q11,F,26-30,79.15466,68.79,40.5,36.6,43.4,41.8,47.1,34.2,56.2,55.9,60,49.8,54.1
406432,S900,Q08,M,26-30,106.3747,118.18,33,41.4,43.4,32.9,40.1,34.2,45.1,62.5,56.7,55.7,37.6
406836,S900,Q10,F,31-35,105.3957,120.69,28.6,40.5,43.4,32.9,40.1,34.2,67.8,58,67.8,66.5,37.6
412528,S500,Q04,F,31-35,103.06,98.27,34.5,42.4,51.2,36.8,45.3,34.2,57.1,51.9,59,55.6,47.4
414229,Q2,Q03,M,31-35,100.39,119.77,46.3,51.5,49.8,43.6,40.1,38.8,57.1,50,58.7,46.4,47.4
415837,S500,Q06,F,22-25,109.29,112.3,47.6,47.7,43.4,51.9,63,42.7,60.3,53.6,44.4,56.4,47.7
422632,S500,Q04,F,22-25,111.48,89.5,40.9,48.2,43.4,56.5,51,41.4,55,48.1,60.2,55.4,47.4
424939,S900,Q10,M,26-30,122.4085,85.5,52,51.5,69.1,49.3,54.3,54.1,54.5,53.2,34.5,37.1,55.7
429040,S900,Q02,F,31-35,148.1195,115.07,45.1,49.7,49.8,51.2,54.3,45.8,62.8,58.7,48.4,46,53.7
432332,S900,Q10,F,31-35,108.3766,137.66,45.6,50.3,43.4,37.6,40.1,42.3,65.8,51.7,56.4,51.4,47.4
433839,S500,Q04,M,26-30,100.16,82.79,28.6,36.6,49.8,38.6,47.2,34.2,68.6,71.6,63.5,58.3,37.6
436239,S500,Q05,F,26-30,104.06,103.93,50.3,47.8,43.4,60.5,57.4,46.1,50.8,50,50.2,43.8,51.2
436845,S500,Q04,F,26-30,120.85,92.34,49.8,59.6,43.4,56,50.2,49.9,48,59.9,50.2,51.2,53.7
441939,S500,Q07,F,26-30,116.2235,85.5,53.5,40.5,63.1,57.7,61.6,48.1,70.6,71.6,48.4,66.5,43.1
445543,S500,Q05,M,26-30,86.3,105.4,60.7,63.6,55.8,59.8,68.1,49.4,51.7,40.5,48.4,49.5,57.3
446545,S900,Q08,F,26-30,105.1135,79.15,44.1,52.2,43.4,46.4,46.4,43.4,48.9,53.6,42.7,38,54.3
448347,Q2,Q02,M,26-30,132.02,111.33,45.6,48.9,58.9,49.6,51.5,46.1,54.4,50,55.7,48.7,49.6
449753,S900,Q10,M,22-25,115.8851,114.51,59,71.2,69.4,56.1,72.4,65.8,36.4,33.9,38.1,38.9,77.5
453441,S900,Q07,M,31-35,119.7733,134.92,35.4,43.3,49.8,32.9,44.8,34.2,60.3,51.9,52.7,52.3,47.4
456346,S900,Q10,F,22-25,111.4745,74.17,42.8,55.4,43.4,56,61.1,45.7,51.2,50.6,48.4,61.3,55.5
459453,S900,Q9,F,26-30,103.0037,122.43,56.3,48.3,43.4,56,62.4,57.5,61,67.2,42,43.5,56.5
465852,S500,Q05,F,26-30,92.34,106.95,51,59.8,63.5,61.3,49.8,55.1,38.3,50.3,52.7,57,43.4
467351,S900,Q03,M,31-35,118.1,103.51,33.6,36.6,43.4,32.9,40.1,34.2,59.9,58.5,61.9,57.1,37.6
473952,S500,Q07,F,31-35,92.54655,70.51,41.2,45.2,43.4,43,40.1,39.6,53.1,57.4,48.4,43.6,48.6
475855,S500,Q06,F,26-30,122.8496,91.83,44.6,58,56.8,41.4,44.8,34.2,57.7,52.2,57.2,53.2,44.9
479762,S500,Q04,M,22-25,113.4,74.44,46.3,49.3,43.4,54.9,64.6,49.4,57.1,56.4,52.7,47.5,58.5
480141,S500,Q04,F,22-25,83.39,107.83,,,,,,,,,,,
481143,S900,Q04,F,31-35,118.86,114.43,50.7,67,61.3,59.8,53.7,57.6,44.8,43.4,40.3,40,70.5
481951,S900,Q10,F,22-25,110.8123,127.45,54.5,48.2,43.4,66.9,67.7,59.4,53.1,58.9,48.4,34.6,58.1
485757,Q2,Q03,F,31-35,108.24,114.47,42.4,36.6,51.2,38.6,49.8,34.2,64.5,52.2,58.5,60.9,37.6
486759,S500,Q05,M,31-35,108.83,118.46,28.6,36.6,43.4,32.9,49.8,34.2,62.5,48.1,62.4,38.4,37.6
492754,S900,Q11,F,26-30,98.26093,96.97,36,44.2,43.4,56,40.1,45.8,54.4,48.1,50.2,40.2,56.2
495255,S900,Q10,M,31-35,113.0986,138.6,54.5,47.1,49.8,64.1,61.5,44,62.8,57.8,46.5,51.4,57.8
497764,S900,Q07,M,22-25,103.4437,80.54,37.2,48.3,71.5,40.6,40.1,38.9,62.8,57.8,71.6,49.8,37.6
497865,Q3,Q04,M,26-30,107.72,94.11,39.7,36.6,43.4,51.2,51.8,34.2,53.1,52.2,48.4,51.9,57.3
499566,Q1,Q01,F,26-30,130.99,106.71,52.8,59,59.1,60.5,56.8,53.3,50.3,40.7,42.3,41.3,62.1
500222,S500,Q05,F,26-30,103.37,120.62,53.8,51.1,43.4,54,59.2,62.2,57.1,32.7,44.4,62,49.3
506234,S900,Q11,M,26-30,127.4642,108.74,51.6,57.1,43.4,63.3,56.9,60.5,51.2,58.1,48.4,53.2,63.8
510326,S500,Q05,F,26-30,93.27,107.94,54.4,47.2,43.4,49,62.4,49.9,62.5,64.3,50.2,50.8,51
512835,MEG2,Q07,M,31-35,116.7786,107.94,61.5,65.7,62.3,56.2,63.4,51,44.1,43.9,40.3,38.8,58.1
513736,S900,Q07,F,22-25,134.1956,119.78,47.5,61.7,43.4,54.4,56.9,48.2,64.5,58.7,61.2,53,57.8
517239,S900,Q11,M,22-25,95.24919,89.14,52,63.9,70.8,54.4,61.8,55,49.6,42.4,35,54.3,60.4
519950,S500,Q04,F,31-35,101.9,108.33,54.1,58.4,53.6,56,64.1,53.4,47,46.1,42,37,62.1
520228,S900,Q10,M,22-25,112.751,103.13,38.6,45.8,65.7,64.9,44.8,51.7,45.2,44.2,43.8,48.9,56.6
521331,S500,Q04,F,26-30,116.57,107.39,42.1,53,43.4,43.6,40.1,34.2,51.2,46,55.7,62,49.6
522434,S500,Q05,F,26-30,112.54,109.47,56.4,52.2,43.4,55.1,63,55,60.1,60.5,52.7,49.7,52
523032,S900,Q9,M,31-35,129.2448,109.72,52.4,51.1,43.4,61.3,67.2,55,55,65.4,58.7,61.9,43.1
524135,S900,Q10,M,22-25,96.66138,142.86,53.4,41,43.4,64.9,40.1,69.5,41.8,29.4,36.4,40.3,82.9
525541,S900,Q10,F,26-30,118.565,142.58,44.7,50.1,43.4,56,50.5,49.9,60.1,35.4,44.4,48.9,51.2
529549,S900,Q07,F,26-30,87.21114,121.65,47.2,65.8,54,51,40.1,43.8,55.2,58.6,52.7,42.2,52.7
529953,S900,Q10,M,26-30,115.229,74.17,35.2,48.9,43.4,32.9,40.1,34.2,57.1,50,61.6,54.3,53.7
530635,Q1,Q02,M,26-30,123.8,83.73,44.3,44.8,53.2,51.2,58.3,41,70.6,53.9,58.7,48.6,47.4
531536,S500,Q05,M,31-35,120.71,80.39,53.8,49,55.8,51.2,54.1,49.9,63.3,48.1,48.4,45.3,56.2
536647,S900,Q08,F,31-35,85.62189,58.8,42,36.6,52.2,43.3,60.1,34.2,37.4,52.2,37.3,48.2,37.6
540436,S500,Q06,M,31-35,117.5272,65.17,49.3,53.3,43.4,56.2,40.1,49.4,46.2,43.4,42,44.6,46.4
541943,Q3,Q03,F,26-30,95.8,92.51,44.1,60.9,43.4,51.2,52.1,48.1,40.1,45.9,44.4,35.9,62.5
545345,Q3,Q04,M,31-35,109.52,76.1,44.4,50.7,71.9,53.7,40.1,43.9,60.1,58.7,46.2,45.6,57.8
547046,Q3,Q04,F,26-30,113.18,88.97,51.3,49.1,43.4,58,47.1,50.9,49.2,50,50.2,66.5,54.3
548250,S900,Q08,M,22-25,93.5854,125.28,49.8,59.4,65.9,53.7,66.8,55.4,43.3,34.6,50.2,46,60.4
549757,S900,Q05,F,26-30,92.05,93.49,56.8,64.2,56.6,54.3,50.3,50.8,46.2,59.9,38.4,48.3,53.7
550035,S900,Q10,M,26-30,118.6741,125.28,51,61.7,43.4,46.6,51,46.1,55,65,50.2,66.5,49.6
551138,S900,Q12,F,26-30,75.41023,74.17,33,36.6,52.6,32.9,40.1,41.6,71.9,64.3,65.9,60.6,44.9
552544,Q2,Q03,F,31-35,90.77,101.17,48.4,50,43.4,58.3,56.3,51.2,52.5,50,44.4,45.5,51.6
553344,S900,Q11,F,31-35,126.4966,73.5,56.1,41.4,55.8,59.8,59.9,49.9,67.7,55.9,46.2,54.3,49.3
555348,S900,Q9,F,31-35,88.05277,91.83,40.3,36.6,53.2,53.6,49.8,50.8,33.3,57.7,40,57,47.4
555651,S900,Q11,F,31-35,114.0972,93.58,44.8,56.3,55,61.6,58.9,43.3,57.1,52.2,42,49.2,55.2
557857,S900,Q9,M,22-25,109.6805,114.51,50,62.9,69.9,56,62.2,62.2,43.8,52.2,46.2,61.9,59.3
559053,Q1,Q02,F,31-35,102.82,87.23,43,45.1,43.4,51.4,51.8,47.9,57.1,50,62.4,48.7,47.4
561242,Q3,Q03,F,22-25,114.99,107.97,52,58.7,43.4,52.9,54.8,48.2,57.1,60,55.7,47.1,51.6
561444,S900,Q11,M,22-25,97.24002,131.89,49.8,63.7,65.3,44.3,59.5,49.4,45.4,52.2,48.1,47.7,57.4
562345,S900,Q07,F,31-35,104.6277,129.86,50.7,51.1,43.4,51.2,50.6,42.4,42.6,37.9,44.4,40.3,53.7
562446,S500,Q06,F,31-35,110.7486,90.05,58.8,36.6,43.4,43.2,60.9,50.6,65.1,61.3,48.1,52.9,49.6
564046,S500,Q05,M,31-35,83,67.94,55,43.6,62.9,32.9,40.1,34.2,57.1,57.1,48.4,66.5,37.6
565452,S500,Q05,F,22-25,102.58,100.9,41.9,53.5,53.2,46,46.4,34.2,46.5,40.1,57.1,50.4,37.6
566454,S500,Q06,F,26-30,108.1369,97.87,44.2,45.2,67.5,45.7,40.1,49.9,55,42.4,44.4,50.9,53.7
567052,S500,Q05,M,31-35,131.62,93.72,52,54.7,43.4,52.4,67.7,53.5,57.7,50,50.2,55.3,51.4
567961,S500,Q06,F,22-25,102.7723,80.54,55.9,61.9,43.4,62.9,54.8,48.5,41,55.9,50.3,44,58.7
568963,S500,Q05,F,31-35,130.19,115.02,39,36.6,43.4,53.5,40.1,34.2,55,53.8,50.2,46.4,49.6
569864,S500,Q06,F,26-30,74.68683,127.45,60.9,36.6,43.4,59.8,62.2,54.3,52.6,58,50.3,50.4,47.4
570243,Q3,Q03,F,26-30,103.63,94.16,55.9,71.9,73.1,58,40.1,50.8,48.3,54.4,42,58.2,54.3
571043,S900,Q08,F,26-30,85.51135,103.13,65,57.7,59.4,53.7,69.1,56.8,44.1,52.7,42,47.9,60.4
571144,S900,Q9,M,22-25,121.2599,142.86,33.6,63.8,66.6,32.9,40.1,34.2,57.1,55.8,50.2,56.5,53.7
571548,Q3,Q04,M,26-30,68.55,61.61,72.6,58.6,61.1,69.4,71.6,78.1,25.2,41,26.9,40.2,82.9
572045,S900,Q08,F,31-35,106.6194,78.35,39.9,36.6,43.4,46,40.1,45.8,47.5,42.4,50.2,66.5,47.3
573249,S500,Q04,M,26-30,106.51,119.86,50.8,52.2,49.8,56.5,40.1,47.9,57.1,52.2,46.2,66.5,44.9
573451,S500,Q07,M,22-25,128.5214,118.18,40.4,53,43.4,36.5,40.1,42.8,67.8,51.9,50.2,48.3,52
574958,S900,Q9,M,31-35,135.9,117.3,44.5,36.6,57.8,36.6,54.8,34.2,57.1,37.2,46.2,43.7,53.5
576255,S900,Q10,F,31-35,144.6418,96.97,50.9,45.2,43.4,53.5,57.3,48.1,55,50.3,51.8,53.2,47.4
579665,Q2,Q02,F,31-35,84.92,89,42.4,36.6,43.4,46.9,51.7,49.9,47,48.6,40.3,21.4,54.1
579867,S900,Q10,F,31-35,96.33017,104.04,52.9,41,43.4,46.7,60,51.2,55.1,58.7,44.4,55.2,37.6
580044,S500,Q05,F,26-30,104.96,112.48,48.3,57.5,52.2,54.2,49.8,49.9,38.6,46.1,48.4,49.8,56.2
580347,S500,Q04,F,26-30,91.98,90.23,57,53,63.3,71.3,62.9,71.6,48,46,46,49.8,65.7
580650,S900,Q9,F,31-35,96.61565,111.48,56.8,61.8,52.2,57.7,54.2,56.9,47,42.5,44.7,39,59.3
580751,S900,Q10,M,22-25,124.8249,118.18,39.8,43.6,43.4,49.2,45.3,51.2,68.3,40.8,50.2,43.6,49.6
581349,Q2,Q02,M,31-35,68.72,104.89,64.8,67.8,75,60.8,40.1,62.2,32.4,41.6,31.4,33.1,63.8
581450,S900,Q9,M,22-25,107.965,136.71,28.6,53,62,37.6,40.1,34.2,59.7,53.6,52.7,58.9,37.6
583858,S500,Q05,M,31-35,86.06,114.17,59,48.3,55,40.1,49.8,34.2,58.7,56.2,51,43.8,37.6
584355,S900,Q9,M,31-35,110.6089,90.05,28.6,47.1,43.4,32.9,40.1,34.2,49.2,52.2,57.1,45.4,44.9
585256,S900,Q11,F,31-35,71.39691,91.83,63.4,65.9,67.1,63.3,64.7,53.4,51.1,50,35,42.2,64.7
585862,Q1,Q01,F,26-30,100.57,103.49,33.3,44.1,43.4,38.7,40.1,34.2,64.5,57.6,65.9,54.3,37.6
586460,Q3,Q03,F,26-30,104.95,88.01,42.4,36.6,49.8,43.3,53,38.9,61.8,60,46.1,53,44.9
587664,S900,Q08,F,26-30,89.58987,83.82,44.6,52.9,52.2,48.5,54.8,44.6,42,47.3,46.5,46.5,52.8
588565,S900,Q9,M,31-35,99.74626,129.86,56.6,64.4,49.8,51.2,49.8,53.4,42.6,50,37.9,40.1,49.6
592455,S500,Q06,M,31-35,104.76,102.45,47.5,54.9,43.4,42.9,40.1,48.1,65.8,62.3,60.2,50.8,49.6
594156,S500,Q06,M,26-30,112.6304,83.22,43.9,46.2,52.2,46,44.8,53.4,44.6,48.5,50.2,56,53.7
597869,S900,Q11,M,31-35,107.3849,122.43,47.5,47.6,43.4,52,40.1,48.1,52.9,59.5,48.4,54.5,53.7
598568,Q2,Q03,M,26-30,130.2,115,57.1,54.8,57.5,46,46.4,44.2,57.7,53.8,50.2,51.8,52
599065,S900,Q04,M,22-25,102.57,116.21,37.7,40.5,54.3,42,57.5,39.1,64.5,71.6,71.6,62,50.3
599469,S500,Q04,F,31-35,91.51,89.54,53.2,50,58.4,48.7,53.5,50.8,65.8,64.3,50.2,53.7,48.6
599671,S500,Q05,M,26-30,107.75,85.53,43,49.4,58.4,43.8,51.7,55,39.8,57.8,58.4,50.6,37.6
601127,S500,Q07,M,22-25,118.558,121.65,42.1,58.9,43.4,60.9,44.8,58.4,43.7,35.7,44.1,38.3,67.3
604537,S900,Q11,M,22-25,141.0514,123.33,47.5,64.6,62.1,47.2,44.8,49.9,48.5,53.5,52.7,51.1,56.2
609143,S900,Q08,F,31-35,128.7012,115.61,49,59.2,43.4,46.7,48.9,46.1,41.3,50,45,49.7,53.7
611231,Q1,Q01,F,31-35,64.08,93.32,38.4,36.6,43.4,51.6,48.4,48.2,52,47.9,50.2,66.5,37.6
611938,S900,Q9,M,22-25,128.8571,136.71,37.9,43.6,65.6,41.8,57.5,41.2,65.8,67.7,61.6,55.5,54.7
613235,S900,Q11,F,26-30,107.2085,103.13,52.6,47.1,53.2,51.2,50.3,47.6,62.5,50,52.7,60.9,47.4
613538,S500,Q04,F,26-30,113.09,94.43,40.3,42.8,53.2,32.9,53.6,34.2,57.1,56.2,60.2,58.6,53.7
614439,S900,Q08,F,26-30,138.2257,68.79,54.8,61.1,65.2,61.6,57.8,57.5,47,45.8,38.4,35.5,62.1
615744,S900,Q9,F,26-30,93.61913,143.14,54.3,44,53.2,51.4,55.3,34.2,67.2,65.9,55.7,56.4,47.4
616645,S900,Q11,M,22-25,125.6458,74.17,46.3,52,43.4,49,46.4,45,57.1,50,44.1,48.7,55.8
617748,S900,Q11,F,26-30,111.5755,104.04,56.8,57.7,52.2,56,50.5,57.5,33.3,42.1,38.4,38.3,62.2
618952,S900,Q11,M,22-25,111.2759,75.77,53,53.4,43.4,47.2,51.7,51.2,57.6,42.3,50.2,66.5,37.6
620434,S500,Q05,F,26-30,114.45,98.23,54.8,56.9,51.6,54.4,56.5,50.8,52.7,52.2,52.3,53,53.7
622236,S500,Q06,M,22-25,108.3791,106.9,44.8,63.1,71.5,51.2,47.1,44.7,49.2,44.5,50.2,46.4,49.6
623844,S500,Q05,M,26-30,88.53,112.3,58.8,57.9,70.4,48.8,46.5,51.7,51.1,50,33.2,33.4,63.8
626648,S900,Q10,F,22-25,136.431,118.18,38.2,53,43.4,49.3,40.1,42.6,51.2,48.5,44.4,41.1,57.3
627549,Q2,Q02,F,31-35,86.53,89.71,39.6,47.6,43.4,48,62.4,39.1,74.6,65.6,68.7,60.7,37.6
627852,S900,Q10,M,26-30,119.2167,83.82,53.4,57.6,63.5,46.7,61.5,46.1,49.1,48.5,48.1,49.8,47.7
628248,S900,Q08,M,26-30,113.3908,103.13,42.7,56.7,43.4,53.5,49.8,44.2,59.7,48.8,50.2,48.7,56.2
632845,S900,Q04,M,26-30,112.6,94.71,57.3,64.5,62.5,55.8,62.8,51,48.8,40.5,46.5,35.3,64.2
633847,S900,Q08,F,22-25,118.133,131.89,33.6,40.8,43.4,49,54.3,34.2,60.3,55.8,52.7,66.5,46.4
638049,Q1,Q02,F,31-35,110.06,87.23,45.1,52.4,43.4,37.6,40.1,42.3,57.1,48.1,48.4,47.7,47.4
644044,S500,Q06,M,31-35,118.5611,105.92,42.7,64.1,54.3,51.2,56,55,50.4,48.1,46.2,37,63.8
645450,S900,Q9,F,26-30,106.0896,109.72,49.5,36.6,43.4,51.4,55.3,48.2,62.8,65.7,50.2,52.5,49.6
645551,Q2,Q03,F,22-25,114.7,47.35,33.6,53,43.4,32.9,44.8,34.2,55,42.5,52.7,53.2,43.1
646048,S900,Q05,F,31-35,102.14,106.71,49.8,44.8,59.6,59.4,59.2,43.6,62.8,53.8,50.2,57.4,47.4
647858,S900,Q11,M,26-30,110.2005,121.65,52.4,42.8,56.9,49.9,55.4,46.1,65.8,51.7,50.2,51.2,53.7
650746,S500,Q04,M,26-30,117.52,95.74,47.2,47.5,58.8,49,44.8,48.1,57.7,52.2,54.7,66.5,49.6
654350,S900,Q08,F,26-30,133.8487,115.61,43.7,45,52.2,43,49.8,34.2,58.7,53.6,51,52.5,52
654754,Q2,Q02,F,31-35,81.33,101.57,42.4,40.5,43.4,46,48.9,34.2,49.6,48.1,65.9,50.4,37.6
656253,S900,Q07,M,26-30,122.9126,85.5,51.3,46.6,43.4,46,40.1,43.9,54.4,50,52.8,40.5,56.2
656657,S900,Q11,M,22-25,112.4825,77.17,54.9,47.1,43.4,46.8,49.8,45,55,48.1,46.5,50,53.5
657659,S900,Q12,F,22-25,122.6169,142.86,39.4,53.4,43.4,49,51,43.6,60.1,58.7,50.2,54.3,53.7
660951,MEG2,Q08,F,26-30,113.2326,67.13,41.2,36.6,52.2,49.3,44.8,43.3,59.1,65.7,54.9,49.8,44.9
662551,MEG2,Q07,M,26-30,113.6066,89.14,56.4,48.1,43.4,51.9,55.3,43.8,60.1,50,51,55.9,47.6
663755,S900,Q11,F,22-25,112.4969,108.74,41.9,40.8,52.7,51.9,48.4,46.1,62.8,55.8,57.1,55.6,44.9
664757,S900,Q11,M,26-30,96.09736,89.14,43.8,47.1,65.1,46.7,49.8,34.2,50.5,50,48.4,48.9,43.1
665254,Q1,Q01,F,31-35,95.48,108.59,55.1,58.2,43.4,64.9,76.4,55,57.1,51.9,50.2,52.5,49.6
667056,S900,Q10,M,22-25,108.7726,119.78,41.4,51.3,50.8,48.5,59.8,42.6,49.8,44.5,48.4,44.4,60.4
668361,S900,Q9,M,31-35,95.42813,111.48,47.5,58,53.2,49,50.5,49.9,51.8,47.8,50.2,49.8,52
671855,S900,Q9,M,26-30,126.5148,112.44,45.6,51.4,62.6,49,47.2,43.3,57.1,56.2,50.2,46.9,47.4
672756,Q1,Q01,M,31-35,99.73,105.67,52.8,55.8,59.9,46,40.1,45,43.9,40.8,38.4,43.5,57.3
673455,S500,Q06,F,31-35,113.0654,131.33,46.2,36.6,43.4,51.2,51.7,45.6,71.9,71.6,58.1,45.5,56.2
677766,S900,Q9,M,26-30,109.7367,109.72,60.1,60.8,65.4,64.9,72.2,54.7,43,33.2,42,57.1,43.1
677968,Q2,Q03,F,31-35,96.91,96.85,46.3,43.6,52.2,54.9,50.9,48.1,58.6,55.8,44.4,57.8,47.4
679568,S500,Q06,F,26-30,114.3596,136.19,46.5,48.2,43.4,46,46.5,48,71.9,56.7,66.5,50.9,49.6
679770,S900,Q9,M,26-30,90.52829,116.46,37.7,48.9,43.4,46.9,49.8,38.5,55,64.1,52.7,44.9,43.1
680250,S900,Q08,F,22-25,123.7243,114.51,46.5,59.4,43.4,47.2,45.3,49.4,48.9,40.8,51,48.7,57.8
680957,Q3,Q03,F,26-30,84.74,99.08,49,47.3,43.4,49.5,49.8,46.1,51.7,68.2,52.7,53,63.3
683256,S500,Q04,F,26-30,112.83,115.38,42.8,36.6,43.4,45.9,50.4,34.2,43.7,53.8,55.1,66.5,37.6
685058,Q1,Q02,M,31-35,113.3,110.93,43.6,41.4,43.4,46.9,56.6,43.3,67.8,71.6,60.8,35.4,49.6
686969,S900,Q11,M,22-25,120.128,108.74,33.4,36.6,43.4,51.4,57.9,34.2,59.7,63.4,58.7,66.5,43.1
687062,S900,Q05,M,26-30,111.56,82.77,57.1,56.7,55,51.2,59.6,51.3,57.1,48.1,46.2,45.4,55.5
687163,S500,Q06,M,22-25,112.4607,106.9,54.1,50.3,61.3,51.9,56.9,43.4,60.1,57.6,50.2,61.9,43.1
689369,S900,Q05,M,31-35,83.22,92.16,50.3,56.5,43.4,44,47.2,34.2,55.2,61.5,60.8,66.5,59.2
690152,S500,Q05,M,26-30,127.92,117.82,45.6,44.8,43.4,49,53.6,51.2,60.1,51.6,50.2,48.7,59.7
693461,S900,Q08,F,31-35,99.66167,95.29,38.7,49.7,43.4,51.2,40.1,41,67.8,65,55.1,49.8,47.4
693764,S900,Q11,M,31-35,111.5783,80.03,49.5,53.6,49.8,46,44.8,48.1,46.2,46.5,42,30.3,62.1
695768,S500,Q06,M,26-30,83.26414,103.13,49,58.5,62.7,56,54.8,52.7,54.4,55.9,42,52.9,47.3
696063,S900,Q04,F,31-35,104.5,122.21,45.1,42.8,43.4,51.2,51,45.6,55,56.3,50.2,47.7,52
700634,S900,Q10,M,26-30,107.9393,136.87,59,52,62.9,49.3,53,45,59.7,50,52.7,57.1,49.6
702133,Q2,Q02,F,31-35,101.5,90.92,40.4,47.5,43.4,50.6,48.9,45.6,69,55.8,50.2,48.9,37.6
704238,Q3,Q03,M,26-30,119.23,110.98,46.9,56.2,52.2,50.6,56.9,51.3,47.8,50.5,52.7,43.3,54.1
705341,Q3,Q03,M,31-35,127.42,116.9,44.5,44.8,63,49.2,57.5,39.6,56,57.8,52.7,57.1,37.6
706040,S900,Q08,F,22-25,75.8055,47.98,55.9,57.4,57.8,61.6,70.4,55.4,50.9,43.8,54.9,29.8,56.2
707244,Q1,Q02,F,26-30,89.76,97.78,28.6,36.6,62.7,32.9,40.1,34.2,71.1,56.6,34.4,61.2,37.6
707749,S900,Q07,M,31-35,110.292,111.48,65.6,69.7,55.8,53.7,52.1,54.4,43.7,56.4,43.8,46.8,50.1
709551,S500,Q06,F,31-35,110.6847,137.66,28.6,36.6,43.4,32.9,53.5,34.2,70.1,71.6,65.3,58.9,37.6
713239,Q3,Q03,F,26-30,116.91,115.55,50.3,41.6,43.4,51.2,58,49.9,52.6,59.4,42,42.9,54.2
715041,S500,Q06,F,31-35,80.55302,96.97,43.7,46.4,66.6,40.5,64.8,39.3,62.8,62.7,42.2,46.1,37.6
715647,Q3,Q03,F,31-35,113.94,110.39,40,40.5,43.4,46,40.1,41.7,55.2,60,50.2,66.5,37.6
715950,MEG2,Q07,F,26-30,112.2975,118.18,43.9,40.5,43.4,42.9,40.1,43.3,55,50,54.1,45.9,52.1
720337,S900,Q07,M,22-25,107.4892,136.71,50.1,47.1,43.4,49,59.4,48.1,48.1,33.6,39.1,41.9,43.8
724446,S900,Q11,M,22-25,131.626,125.28,60.5,55.9,63.1,52.9,56.9,48.2,52.7,48.1,46.5,48.7,49.6
725751,S900,Q05,M,26-30,98.46,84.73,28.6,53,43.4,32.9,40.1,34.2,40.5,43.7,42,43.9,61.9
727553,S900,Q07,F,26-30,140.1863,92.66,52.5,36.6,56.8,59.4,53,52.7,45.3,35.3,44.4,60.9,52.1
727654,S900,Q03,F,22-25,111.11,100.38,54.3,60,43.4,60.3,64.4,49.4,43.1,41.1,48.4,41.7,57.8
729254,S500,Q05,M,22-25,110.95,85.32,69.7,57.6,43.4,71.3,62.2,69.5,33.3,32.1,38.1,42.4,69.5
729557,Q1,Q01,F,22-25,107.28,96.46,50.9,61.2,62.6,56,40.1,48.7,38.1,52.2,52.3,38.1,56.2
731140,S900,Q11,F,31-35,99.95929,113.48,37.1,40.5,43.4,46,40.1,43,57.7,49.1,57.8,53.6,52
732243,Q1,Q02,F,31-35,116.94,103.19,41.3,36.6,55.8,51.2,53.6,43.8,60.1,63.4,50.2,52,47.7
733548,S900,Q02,F,31-35,113.33,116.06,46.7,50.9,64.4,42.7,55.3,43.9,64.9,57.6,58.5,53.3,48.2
734045,Q2,Q03,M,22-25,117.89,98.79,45.8,54.5,58.6,49,54.4,43.3,57.1,57.7,50.2,61.3,53.8
734247,S900,Q08,F,31-35,123.1216,68.15,54.9,45.8,52.2,51.2,50.4,46.1,74.6,53.5,55.1,52.5,53.7
735148,S900,Q06,M,22-25,100.9502,144.35,54.8,52.3,61.8,52.9,58.3,48.1,48,59.2,51.4,50.4,57.7
737960,S900,Q07,F,22-25,124.219,136.71,60.4,64.5,59.1,63.3,61.8,62.2,55.6,50.3,50.2,45.2,63.9
742549,S500,Q06,M,26-30,107.3027,118.18,52.5,47.8,63.2,61.8,73.8,52.7,49.5,40.4,42.7,46.3,59.1
743248,S900,Q05,M,31-35,117.1,95.81,49.8,60.9,43.4,46,54.3,53.4,42.2,31.5,33.2,42.7,57.6
744553,S900,Q11,F,31-35,105.2944,100.43,28.6,36.6,43.4,35.9,44.8,34.2,62.8,64.4,65.9,61.2,37.6
745555,Q3,Q04,F,31-35,88.64,96,49,49,53.2,43.7,47.2,46.1,50.5,57.6,50.2,47.7,43.6
748056,S900,Q10,M,31-35,121.4014,102.2,56.6,50.8,68.4,58.3,68.2,55,48,40,40.7,40.9,56.2
748258,Q2,Q03,F,22-25,98.23,118.19,42.6,47.1,67.5,42.7,44.8,43.3,57.3,50,52.7,56,46.4
748662,S500,Q05,F,31-35,110.92,88.92,44.1,59.5,43.4,53.7,59.9,42,60.3,47.9,50.2,52.9,37.6
749058,S900,Q11,M,22-25,117.2996,127.45,42.4,61.7,43.4,42.3,49.8,42.2,53.1,45.9,52.7,49,47.4
749361,Q3,Q03,F,26-30,111.84,110.92,54.6,62.8,43.4,57.4,51.5,52.5,40.1,37.9,42.1,55.9,62.2
751348,Q3,Q03,M,26-30,117.27,90.77,44.5,49,64.9,46.7,54.4,39.6,64.7,60.6,60.1,51.4,53.7
751550,S900,Q10,F,26-30,124.3482,81.57,42.8,51.5,58.9,54,46.3,48.1,60.1,52.2,43.8,52,52
753150,S900,Q10,M,22-25,108.4447,99.57,52.8,53.6,53.7,56.5,46.4,48.1,43.1,46.1,44.4,40.8,53.7
753251,Q2,Q02,M,26-30,113.68,115.38,45.1,40.9,43.4,32.9,52.7,39,60.1,58.7,50.2,44.8,55.5
756055,Q3,Q03,M,22-25,89.76,82.1,58.8,47.1,55.8,51.2,52.1,46.7,52.6,53.9,54.7,46,49.6
759869,S500,Q05,M,31-35,124.72,95.47,46.3,40.5,52.2,43.9,44.8,38.5,57.7,50,46.2,51.8,47.7
761957,Q3,Q03,F,26-30,111.39,120.42,59,53.6,56.9,56,53,49.9,55,63.4,48.4,45.1,53.7
765056,Q3,Q03,M,26-30,138.23,96.45,56.6,54.8,66,57.7,53.6,49.9,55,57.7,56.4,52.5,54.5
766563,S900,Q11,M,26-30,110.3022,94.38,59,58.3,68.8,57.6,56,55,68.2,50,44.4,46.1,56.2
767464,S900,Q9,F,26-30,110.5864,83.22,52.8,54.8,49.8,53.7,54.7,44.7,49.7,45.9,52.7,56.5,49.6
769064,S900,Q10,M,26-30,123.157,74.17,41.5,53,65.1,44.3,52.1,42.1,53.1,46.5,52.7,48.7,49.6
770352,S500,Q04,F,26-30,112.15,94.21,44.3,48.9,51.2,51.2,50.8,34.2,62.8,60.6,57.2,45.3,47.4
771354,S500,Q04,F,26-30,132.36,121.43,42.4,49.7,53.2,56,59.6,42.6,48,36.5,46.5,45.8,55.5
773257,S900,Q10,M,26-30,116.907,108.74,49.5,45,52.2,51.9,67.5,43.6,55,52.2,50.2,55.2,37.6
779370,S500,Q04,F,26-30,98.26,108.32,47.5,45.6,56.6,49,54.8,38.9,57.1,50,44.4,61.9,37.6
782157,S500,Q05,M,26-30,67.62,94.32,59,60.4,62,63.3,58.3,62.2,43,45.2,54.1,49.8,53.7
782561,S500,Q06,F,31-35,99.82166,128.38,40.2,56.3,52.2,41.2,40.1,39.4,69.3,55.5,55.1,45.5,52
783462,MEG2,Q08,M,22-25,113.1758,129.22,44.3,40.5,51.9,52.9,49.8,43.3,56.1,61.5,55.1,50.8,47.4
784565,S500,Q06,F,26-30,114.33,89.72,51.3,46.2,57.9,57.7,56.9,51.2,60.1,57.5,48.4,47.4,50.3
786569,S500,Q04,F,31-35,85.19,111.14,52.8,58.6,52.2,51.4,61.2,49.4,43.1,50,50.2,37.5,53.7
788876,Q2,Q02,F,31-35,105.4,113.24,56.3,55.2,43.4,49.3,57.4,38.9,47.8,53.9,52.3,41.9,52
789373,S500,Q06,M,26-30,106.3514,131.89,46,55.1,55,41.4,40.1,42.4,57.7,42.4,46.2,44.6,53.7
792564,Q1,Q01,F,31-35,102.12,104.68,44.3,45.2,43.4,54.2,40.1,34.2,62.8,53.6,48.4,66.5,37.6
792766,S500,Q04,M,31-35,110.73,107.25,49.4,53.8,54.2,46.3,45.3,42,51.8,47.5,52.7,49.8,57.8
792867,S900,Q12,M,36+,114.5042,104.04,54.9,48.3,49.8,51.2,54.3,46.1,40.1,50,38.2,46.6,44.9
793465,S900,Q10,M,22-25,103.1228,116.46,52,36.6,43.4,51.2,54.8,43,56.2,60.6,42,61.3,37.6
800941,S900,Q10,M,26-30,104.5145,128.38,50,53.7,64.9,49.2,45.3,47.9,59.7,57.4,65.1,66.5,37.6
802844,S500,Q06,F,22-25,84.8568,97.87,38,60.1,68.1,32.9,47.1,38.8,48,50,50.2,33.5,66.5
803240,S900,Q9,M,22-25,104.5398,134.24,57.1,36.6,43.4,53.9,40.1,44.4,60.3,57.6,42.7,47.9,55.8
810439,S900,Q08,M,26-30,116.0352,134.24,71.1,49.3,60.2,45.5,55.3,54.8,52.6,40.8,50.2,51.9,49.6
810843,S900,Q11,M,31-35,116.1771,98.75,38,63.1,60.5,38.2,51.5,34.2,55,57.8,62.9,66.5,37.6
812746,S900,Q11,M,22-25,72.34254,87.33,58.6,63.9,69.8,51.2,52.7,44.5,64.5,53.8,65.1,61.9,51.2
814649,S500,Q05,M,26-30,109.57,108.52,46.1,40.9,62.5,46,56.8,43.7,53.1,48.1,57.1,54.9,37.6
816653,S500,Q04,F,22-25,110.6,108.63,50.3,51.5,43.4,51.2,57.8,45.6,57.1,53.6,50.2,58.9,37.6
816855,S900,Q08,M,26-30,119.2244,80.54,47.1,47.1,60.6,44,50.5,45.6,49.7,52.2,50.2,58.5,47.4
818859,S900,Q08,M,31-35,114.6078,109.72,63.9,55.5,43.4,51.2,51.8,57.5,47.5,42.4,33.2,45.4,56.2
820745,S900,Q07,M,31-35,102.7435,93.58,52,58.9,43.4,51.2,54.2,48.2,52.6,40.4,48.4,34.3,49.6
822850,S900,Q05,M,26-30,115.68,74.12,50,64.2,52.2,42.3,51,55,55.2,40.5,42,54.9,51.6
825048,MEG2,Q07,F,31-35,106.7696,93.58,45.1,48,51.2,49,61,48.2,47.6,43.9,50.2,36.4,56.2
825351,S900,Q9,M,26-30,134.195,97.87,46.8,51.9,61.2,52.9,51.8,49.9,55,53.5,40.3,49.5,49.6
826353,Q1,Q01,F,26-30,121.27,110.4,43.9,47.3,43.4,58,62.8,51.2,57.7,38.8,44.7,34.1,56.5
826454,S500,Q06,F,26-30,145.0916,101.27,43.9,36.6,43.4,52.9,40.1,44.7,57.1,52.2,44.4,61.8,53.8
833148,S500,Q05,M,26-30,118.89,94.68,49,54.4,43.4,49.2,47.2,51,45.2,47.8,45.9,42.4,56.2
833249,S500,Q04,F,26-30,101.72,90.62,55.8,55.4,43.4,51.2,54.3,47.6,54.4,53.6,50.2,49.8,53.7
835657,S900,Q11,F,31-35,94.90015,90.05,58.4,68.4,53.2,55,69.1,57.6,37.4,32.7,53.9,51.9,55.7
837560,S500,Q05,M,26-30,113.35,83.46,54.8,64,52.2,54.4,66.7,56.7,45,44.5,42.2,42.3,64
837863,S900,Q11,M,26-30,119.7538,104.04,28.6,45.4,57.2,40.6,46.5,41.5,62.9,58.6,55.7,51.7,53.5
837964,S500,Q06,F,31-35,102.1229,95.29,56.4,40.5,52.2,65.6,76.4,54.3,57.1,64.3,52.7,46.4,53.7
841349,S900,Q10,F,26-30,108.6063,96.12,52.9,59.4,62.5,51.4,58.8,48.2,55,54.5,60.2,43.6,54.1
843151,S900,Q11,M,26-30,129.6007,94.38,54.3,58.3,43.4,74.6,63.7,58.4,45.5,36.2,48.4,35.5,64.9
844961,S900,Q08,F,31-35,107.969,81.57,50.3,57.8,43.4,55.1,40.1,45.6,55,50,48.4,47,51.9
845458,S500,Q06,F,31-35,107.2379,86.51,52,58.7,62.3,53.1,54.3,43,51.1,42.1,60.1,50.5,52
849264,S900,Q10,F,31-35,97.60052,86.51,48,59.3,73.9,43.6,40.1,46.1,45.5,42.1,50.2,50.6,53.7
849971,S500,Q05,M,22-25,122.21,91.42,39.6,36.6,43.4,42.9,40.1,49.9,57.7,56.1,68,66.5,53.1
852455,S900,Q08,F,26-30,112.9753,117.3,60.1,54.5,54.3,63.3,52.7,71.1,36.7,36.8,38.1,35.8,71.7
856463,S900,Q9,F,31-35,88.69051,78.35,42.4,36.6,43.4,46.8,47.2,34.2,62.8,51.7,58.7,61.4,37.6
856766,Q1,Q01,F,31-35,75.94,105.78,38.8,56.7,43.4,53.7,63.4,42,57.1,55.7,61.6,47.8,57.8
856968,S900,Q10,M,31-35,139.7686,137.66,55.6,57.4,49.8,51.2,63.2,43.8,68.4,57.4,61.5,42.7,59.2
857263,Q2,Q02,M,22-25,68.58,81.06,31.6,58,43.4,36.8,40.1,41.7,65.7,63.6,58.7,54.8,46.4
859671,Q1,Q02,F,31-35,113.57,98.82,45.6,49,55,51.2,56.9,45.6,51.2,53.8,48.4,55.6,52
861456,Q1,Q01,F,31-35,101.84,104.7,28.6,36.6,43.4,37.9,40.1,34.2,67.8,71.6,61.7,49.8,37.6
865363,Q1,Q01,M,22-25,104.75,99.31,36.3,48,43.4,47.2,54.7,38.9,74.6,60.8,56,66.5,37.6
867468,S900,Q07,M,22-25,77.77473,104.97,56.8,54,43.4,54.4,65.8,45.8,49.6,56.2,55.7,54.8,59.5
870861,S900,Q9,M,31-35,112.628,117.3,48.7,47.2,56.6,51.9,49.8,46.1,64.5,50.9,50.7,55.6,37.6
871762,S500,Q06,M,26-30,123.9108,83.82,33.3,45.8,57.2,39.6,57.3,38.5,56.1,55.8,57.1,55.3,37.6
871964,Q3,Q03,M,26-30,144.63,91.31,46.8,52.5,43.4,52.1,56.9,51.2,60.1,50,42.9,43,58.1
872158,Q2,Q02,F,26-30,120.46,112.31,56.6,51.6,43.4,54,53,49.9,65,53.9,58.7,44,50.1
872562,S900,Q08,F,31-35,116.9001,78.35,45.8,53.3,43.4,51.4,54.1,44.8,58.7,42.4,50.2,57.9,53.8
872764,S500,Q06,F,26-30,113.51,113.54,40.2,47.1,53.2,49.6,51.7,42.2,74.6,66.4,58.2,45.7,49.2
873968,S900,Q06,F,22-25,140.0933,96.12,44.1,40.5,43.4,51.2,45.3,48.1,62.5,58.6,54.6,61.3,50.3
876873,S900,Q08,F,26-30,77.6927,117.3,45.4,65.9,66.4,55.7,40.1,51.7,37.3,46.3,46.1,25.1,55.2
877168,Q1,Q01,F,31-35,110.74,93.04,40.9,42.8,43.4,46.2,46.3,43.6,62.8,68.1,55.7,62,37.6
877269,S500,Q05,F,22-25,86.19,97.53,49.8,52,43.4,55.5,40.1,57.5,38.6,48.8,36.2,39.7,52
878574,S900,Q03,F,26-30,120.18,96.86,72.3,64.6,63.6,69.4,59.3,60.6,47.9,36.8,37,39.8,62.1
878776,S900,Q10,M,22-25,120.6382,139.3,52.2,55.9,55,42.6,56.9,44.8,57.7,46.5,48.4,47.6,50.4
880157,S900,Q08,M,31-35,115.2245,136.19,47.5,40.5,43.4,51.2,50.5,46.1,60.5,63.3,52.7,49.8,49.6
882161,S900,Q07,F,26-30,94.3036,86.51,40.8,52.7,58.4,43.7,44.8,45,50.9,50,46.1,47.7,53.7
884973,S900,Q11,F,31-35,81.95576,84.87,52.5,53,43.4,44.8,49.8,54.3,37.4,49.1,50.2,53.1,54.5
885975,Q2,Q02,F,26-30,117.44,92.31,52.6,48.1,43.4,55.1,51.7,49.4,47.6,37.9,40.3,46.8,57.6
887373,Q2,Q03,F,31-35,106.7,120.55,47.5,38,43.4,46,46.3,55,40.9,46.1,48.4,37.4,62.1
889579,Q1,Q01,M,31-35,116.57,116.16,48.7,49,43.4,49,56.9,49.4,51.2,46.5,43.4,44.6,53.7
891667,S900,Q10,M,26-30,108.4044,85.5,38.9,59.4,43.4,46.3,46.4,38.9,59.1,62.5,55.7,44.7,57.8
894067,S900,Q08,M,31-35,92.17383,131.33,51.3,36.6,43.4,54.4,57.5,43.6,23.7,51.9,50.2,66.5,37.6
894673,Q1,Q02,F,26-30,95.28,92.93,36.9,40.5,55,49.6,56,39.4,60.1,68.2,60.2,44.2,47.4
894774,S900,Q10,M,26-30,146.5971,137.14,31.6,36.6,43.4,32.9,40.1,34.2,64.5,53.6,58.5,54.1,37.6
896778,Q1,Q01,F,31-35,110.04,100.95,44.2,58.5,52.2,46.7,40.1,39.8,62.8,50,52.7,44,37.6
896879,Q1,Q02,M,26-30,85.63,101.68,49,50,70.2,44,40.1,41.4,55,48.1,44.4,59.3,37.6
898176,S500,Q06,M,31-35,120.3815,117.3,49,51.9,52.2,52.9,52.6,48.2,48.8,50.6,40.7,62,52
899885,Q3,Q03,F,26-30,117.39,111.37,56.6,60.3,68.2,53.7,50.4,48.7,41.7,43.2,37.3,40.7,57.8
901038,S500,Q06,M,26-30,86.79604,126.24,61.9,51.4,66.6,54.4,54.4,42.6,52.6,48.1,42.9,49.8,56.2
901139,Q1,Q01,F,26-30,112.78,118.08,42.4,41.4,43.4,51.4,54.7,48.7,57.1,51.9,50.2,66.5,37.6
901442,S500,Q06,F,26-30,115.3004,102.2,44.2,44.8,43.4,49,40.1,34.2,62.5,62.9,61.6,41.3,52
904044,Q3,Q03,F,31-35,105.93,100.96,28.6,36.6,43.4,46,40.1,34.2,74.6,66.3,65,50.6,44.9
907656,S500,Q06,F,31-35,99.90405,109.72,49,66.2,66,45.7,40.1,48.1,44,46.5,48.4,39.8,57.8
910241,S500,Q05,M,26-30,108.17,90.66,47.5,53.5,49.8,51.2,44.8,51.7,57.1,71.6,50.2,51.9,60.4
910443,S900,Q11,F,26-30,120.5435,125.28,44.6,51.4,62.4,40.4,50.4,34.2,60.1,50,61.9,66.5,37.6
912447,S500,Q06,M,26-30,106.6274,101.27,43.3,64,68.8,58.3,54.3,54.7,58.7,48.5,48.4,37,54.9
912548,S900,Q05,F,31-35,94.2,115.78,31.6,40.5,43.4,82.5,81.2,42,62.8,60.7,51,47.3,47.4
917255,Q1,Q02,M,31-35,110.68,108.6,52,42.8,43.4,49,40.1,48.1,57.1,50,50.2,43.4,54.9
917558,S900,Q12,F,31-35,103.0628,120.69,46,43.3,55.2,53.1,44.8,42.8,48,52.2,50.2,38.1,53.7
919158,S900,Q12,F,31-35,97.62114,134.92,51.3,47.9,43.4,51.2,56.9,53.4,70.1,57.6,50.2,49.8,63.8
919966,S900,Q11,F,31-35,85.92419,136.19,40.5,53.8,43.4,46,46.5,46.1,58.7,58.6,48.4,46.6,37.6
922854,S500,Q07,M,26-30,104.2956,136.19,41.1,36.6,54,41.7,40.1,40.7,74.6,71.6,48.4,66.5,37.6
923755,S900,Q10,F,26-30,99.65877,119.1,56.9,47.1,60.8,44,51,48.1,55,50.6,56.8,35.7,52
926862,S900,Q9,M,26-30,119.1002,56.69,51,45.7,60.7,50.8,48.9,43,52.6,50,42,44.4,52
927359,S900,Q07,M,22-25,102.8285,118.18,46.3,40.5,52.2,43.7,54.7,38.9,62.5,58.6,50.2,55.6,37.6
930449,S500,Q05,F,22-25,105.12,105.46,43.7,49.3,43.4,48.5,55.4,39.8,60.1,46.1,60.1,44.8,56.2
932554,Q2,Q02,M,26-30,111.47,94.31,46,59.5,56.8,44,40.1,46.1,48.3,50.6,50.2,56.2,37.6
937160,Q1,Q01,M,26-30,109.26,107.86,40.3,42.8,58.4,38.3,56.9,34.2,60.3,57.7,57.8,55.2,37.6
940553,S900,Q12,M,22-25,69.89288,61.27,63.4,45.2,60.5,63.3,59.2,62.2,35.6,41.6,24.1,34.7,70.4
942658,S900,Q08,M,26-30,117.0237,137.66,41,40.5,52.2,51.9,56.9,42.7,69.6,50,71.6,58.9,47.4
946666,S900,Q05,M,31-35,117.49,113.35,54.3,52.2,65.3,46,50.5,43.4,54.4,50,48.4,55.5,37.6
947668,S900,Q08,F,26-30,114.4066,105.92,55,67.8,43.4,63.3,63.9,57.6,50.9,44.7,40.8,35.8,63.4
951457,Q3,Q03,F,31-35,98.9,106.99,52.8,43.6,43.4,49,56.9,55,36.8,43.9,48.4,49.5,53.8
952863,S900,Q10,F,22-25,95.35282,89.14,49.6,48.7,43.4,56.5,50.5,48.5,70.9,71.6,71.6,66.5,37.6
953764,S900,Q10,F,31-35,98.94682,144.44,38.7,42.8,43.4,46,47.1,42.3,57.1,53.6,50.2,48.7,47.4
955465,S900,Q08,M,26-30,88.71889,110.48,47.2,56.6,59.9,44.3,44.8,46.1,55,59.7,50.2,48.9,47.4
957974,S500,Q04,F,26-30,112.05,97.67,37.9,53.8,43.4,46,46.5,45.7,44.4,52.2,50.2,39.1,53.7
958976,S500,Q05,M,26-30,116.51,92.04,46.3,48.4,57.8,54,56.9,58.4,52.6,35.4,42.3,26.4,72.6
959574,Q3,Q03,F,26-30,126.73,116.81,51.1,48.5,43.4,57.7,54.4,49.4,55,56.1,61.4,50.9,52
965367,S500,Q07,M,31-35,100.5589,131.33,47.5,36.6,43.4,51.2,40.1,38.9,43,50,57.1,45.9,44.9
965771,S500,Q05,M,31-35,83.46,101.1,41.9,61.1,62.2,46,40.1,38.9,59.7,54.8,50.7,55.1,44.9
966975,S900,Q12,M,22-25,79.49722,112.44,44.1,50.3,43.4,54.9,40.1,42.1,52,53.5,50.2,57.4,47.4
972566,S900,Q11,F,31-35,113.7575,144.44,48.5,58.4,73.1,51.2,62.4,47.6,45.3,40.8,33.2,48.7,61.1
978578,Q3,Q04,F,31-35,112.2,91.25,50.6,63.4,53.2,56.5,53.3,51.3,47.6,40.8,52.7,36.8,57.6
979984,S500,Q07,F,31-35,110.5065,68.15,48.1,54,61.1,62.1,68.9,46.1,55,45.9,46.2,49.4,58.5
983773,S500,Q05,M,26-30,145.09,103.49,57,63.4,54,53.1,59.7,45.6,42.5,38.6,48.4,54.5,49.6
984472,Q2,Q02,F,26-30,121.82,109.58,38.1,36.6,43.4,57,51,34.2,60.1,56.5,48.4,55.6,52.1
987983,S500,Q04,F,26-30,117.18,91.14,46,53.2,56.9,45.7,54.4,42.8,55,48.1,46.5,50.9,52
990366,S900,Q10,M,22-25,107.4737,138.01,46.2,53,49.8,46,55.5,48.1,55,50.5,46.5,47.7,53.7
991267,S500,Q06,M,26-30,115.11,114.97,50.6,49.1,62.1,49.3,50.3,54.3,51.4,42.4,37.3,47.6,58.1
992673,S900,Q12,F,31-35,108.6076,91.83,48.4,36.6,43.4,51.2,44.8,41.5,67.8,64.3,50.2,49.8,50.3
992774,Q2,Q02,M,31-35,87.94,107.51,43.8,51.5,43.4,46.7,40.1,42.6,44.4,50,48.4,47.5,49.6
993675,S900,Q9,F,26-30,140.0933,99.57,49.8,48.9,43.4,53.7,53.6,50.8,51.4,59.8,46.2,50.7,53.7
994273,S500,Q06,M,26-30,113.9377,63.93,50.2,55.5,65,56,44.8,43.3,43,38.8,46.5,55.2,53.7
996782,S900,Q08,F,26-30,139.6127,82.24,52,48.9,53.7,51.2,44.8,45.6,67.7,42.4,57.2,51.7,52
